Ga,Ga-young,Female,lhellyar0@imdb.com
Gan,Kang-min,Male,awillshee1@linkedin.com
Gal,Kyung-gu,Male,ddooman2@slate.com
Gam,Kyung-lim,Unknown,tterne3@google.fr
Gang,Kyung-mo,Male,wgwillym4@example.com
Gyeon,Kyung-wan,Unknown,bdevonish5@pen.io
Gyeong,Kyung-taek,Male,gorbon6@spiegel.de
Gye,Kwang-jo,Male,rharefoot7@xing.com
Go,Na-young,Female,llindwall8@unicef.org
Gok,Nam-kyu,Male,jkhristoforov9@princeton.edu
Gong,Nam-sun,Unknown,tpashlera@bloglovin.com
Gwak,Deok-su,Male,rduttonb@xing.com
Gwan,Dong-gun,Male,sthomassinc@unesco.org
Gyo,Mu-yeol,Male,kpottesd@about.me
Gu,Mu-young,Male,cimmere@alibaba.com
Guk,Mi-ran,Female,lbeneditef@kickstarter.com
Gung,Mi-rae,Female,pmagraneg@zimbio.com
Gwok,Min-seo,Female,vgarieh@youku.com
Gwon,Byung-hun,Male,fmcnicklei@com.com
Geun,Seong-han,Male,aknollerj@deviantart.com
Geum,Sook-ja,Female,adickinsk@google.com
Gi,Seung-heon,Male,dpattendenl@intel.com
Gil,Ae-jung,Female,fwallsm@ifeng.com
Kim,Yeo-jin,Female,rscarrottn@ca.gov
Eom,Young-shin,Unknown,ahartingtono@marriott.com
Han,Young-ae,Female,fmattsp@nymag.com
Heo,Oh-seong,Male,aellingsq@marriott.com
Hyeon,Yo-han,Male,bhehlr@amazonaws.com
Hong,Yu-ri,Female,sgeros@cam.ac.uk
Nam,Eun-chae,Female,spauluccit@istockphoto.com
Namgung,Eunhasu,Female,kphysicu@about.com
Yeon,Yi-kyung,Female,jromainev@123-reg.co.uk
Yeom,Yi-soo,Male,eeschew@drupal.org
Ye,Il-sung,Male,gjobex@webeden.co.uk
O,Ja-kyung,Unknown,mrubinowitschy@skyrock.com
Ok,Jang-mi,Female,bcauncez@cbslocal.com
Wang,Jae-gyu,Unknown,rmacwhirter10@latimes.com
Yong,Jae-beom,Male,mdenmead11@shinystat.com
U,Jae-seop,Male,loppery12@mayoclinic.com
Won,Jae-shin,Unknown,rbuyers13@devhub.com
Wi,Jae-in,Unknown,nghost14@amazonaws.com
Yu,Ji-hae,Unknown,agamble15@wsj.com
Yuk,Chul-soon,Male,anoblet16@mozilla.com
Yun,Chi-won,Male,kcaukill17@mayoclinic.com
Eun,Hyun-seung,Male,dmorteo18@clickbank.net
Lee,Hye-rin,Female,obollans19@hubpages.com
In,Hye-rim,Female,bsawfoot1a@freewebs.com
Lim,Gun,Male,lbeurich1b@yellowbook.com
Jang,Kwang,Male,dfagge1c@pagesperso-orange.fr
Jeon,Ran,Female,sjeayes1d@wufoo.com
Jeong,Lee,Unknown,bdalliston1e@yellowbook.com
Jae,Lin,Female,bscown1f@odnoklassniki.ru
Cho,Sang,Unknown,mluscott1g@tiny.cc
Cha,Seol,Female,bsture1h@godaddy.com
Cheon,Seong,Unknown,egeraud1i@ucoz.ru
Ha,Woong,Male,mlandsman1j@zdnet.com
Hwang,Eun,Unknown,sbulcroft1k@google.de
Dokgo,Jae,Unknown,etosh1l@yale.edu
Don,Ji,Unknown,acodd1m@salon.com
Dong,Jin,Unknown,mcoston1n@businessinsider.com
Dongbang,Chan,Male,lreynoldson1o@bigcartel.com
Du,Chul,Male,bnesbit1p@spiegel.de
Deung,Hyuk,Male,aborrott1q@t.co
Deungjeong,Hyun,Unknown,cfisbburne1r@ucoz.com
Ra,Ho,Male,dbrawn1s@ca.gov
Ran,Hoon,Male,hshotboult1t@prweb.com
Rang,Ga-ram,Unknown,aconlon1u@wisc.edu
Ryeo,Ga-eul,Female,lgowers1v@ted.com
Roh,Gyeo-wool,Unknown,dmercey1w@google.es
Roe,Go-eun,Female,gtrodd1x@va.gov
Ryu,Gu-reum,Female,bteacy1y@networksolutions.com
Ree,Gu-seul,Female,btunesi1z@accuweather.com
Rim,Geu-roo,Unknown,bdockery20@amazon.co.uk
Ma,Gi-ppeum,Female,gpina21@delicious.com
Sin,Kkot,Female,mhazlehurst22@thetimes.co.uk
Sim,Na-gil,Male,kwyllie23@mayoclinic.com
An,Na-ra,Female,gspawell24@shareasale.com
Yang,Narabit,Unknown,oshrimpton25@hostgator.com
Yeo,Narauram,Male,ktotton26@guardian.co.uk
Chu,Na-rae,Female,akleinberer27@amazon.de
Jung,Na-ri,Female,csalamon28@ihg.com
Chae,Na-moo,Unknown,jweagener29@fda.gov
Choi,Na-bom,Female,jpaulo2a@joomla.org
Choo,Na-bi,Female,sdalloway2b@sogou.com
Phyo,Na-bit,Female,omoulder2c@wufoo.com
Maeng,Na-eol,Male,ppoints2d@kickstarter.com
Myeong,Na-byeol,Female,gisham2e@deviantart.com
Mo,No-eul,Unknown,nbrevitt2f@friendfeed.com
Mok,Noo-ri,Unknown,aedis2g@guardian.co.uk
Myo,Da-rae,Female,gsantry2h@discovery.com
Mu,Da-som,Female,smackomb2i@meetup.com
Mubon,Da-son,Unknown,tapdell2j@barnesandnoble.com
Muk,Dasoni,Unknown,agate2k@gnu.org
Mun,Dasol,Female,pmcmichell2l@accuweather.com
Mi,Da-woon,Male,pfoort2m@hhs.gov
Min,Dan-bi,Female,dfacer2n@deviantart.com
Bak,Dan-a,Female,estammer2o@zimbio.com
Ban,Dal,Unknown,smechan2p@google.co.uk
Bang,Dal-rae,Female,glochran2q@cdbaby.com
Bae,Dam-bi,Female,vdickerline2r@theglobeandmail.com
Baek,Du-ri,Unknown,msibbet2s@odnoklassniki.ru
Byeon,Ra-on,Female,twalters2t@globo.com
Bong,Ra-woom,Female,kheinert2u@wordpress.org
Bu,Ru-da,Female,skyles2v@blogs.com
Sa,Ru-ri,Female,dpaddick2w@ehow.com
Seo,Ma-ri,Female,veskrigg2x@nydailynews.com
Seok,Ma-eum,Female,dnolleau2y@shutterfly.com
Seon,Meari,Female,ncorrie2z@reuters.com
Seol,Mi-reu,Unknown,jbarrass30@google.com.au
Seong,Mirinae,Female,jreynoollds31@tinypic.com
So,Mit-eum,Male,bcyseley32@nationalgeographic.com
Son,Mindeulle,Female,qferia33@cocolog-nifty.com
Song,Ba-da,Unknown,lmaddern34@latimes.com
Ga,Ba-ram,Unknown,ireihm35@jimdo.com
Gan,Beo-deul,Male,rdoe36@infoseek.co.jp
Gal,Byeol,Female,sboner37@chronoengine.com
Gam,Byeol-bit,Female,rpowner38@shutterfly.com
Gang,Byeol-ha,Unknown,gbarradell39@vistaprint.com
Gyeon,Byeol-jji,Female,goutlaw3a@acquirethisname.com
Gyeong,Bom,Female,kwerndley3b@ft.com
Gye,Bo-da,Female,dmcshirie3c@printfriendly.com
Go,Bo-ra,Female,wpeplow3d@google.com.br
Gok,Bo-ram,Female,vfruin3e@opensource.org
Gong,Ba-ron,Unknown,mshoulders3f@hud.gov
Gwak,Ba-rom,Unknown,sledeker3g@dedecms.com
Gwan,Bo-reum,Female,sbutteris3h@paypal.com
Gyo,Bitgaram,Male,csoanes3i@squarespace.com
Gu,Bit-na,Female,awhybray3j@blogs.com
Guk,Bitnara,Female,aruddiman3k@homestead.com
Gung,Bi,Female,jmorrel3l@blogspot.com
Gwok,Sa-rang,Female,baldersey3m@multiply.com
Gwon,Sandara,Female,ccaulket3n@1688.com
Geun,San-deul,Unknown,tbaff3o@nba.com
Geum,Saem,Male,flinnitt3p@wordpress.org
Gi,Saeroi,Male,pwarstall3q@slideshare.net
Gil,Sae-ron,Female,lmorgans3r@phpbb.com
Kim,Sae-rom,Female,aspileman3s@nymag.com
Eom,Sae-byeok,Female,amcmeekan3t@amazonaws.com
Han,Sae-yan,Female,hbrodley3u@narod.ru
Heo,Saet-byeol,Female,apearch3v@sina.com.cn
Hyeon,Saeng-geul,Unknown,eairs3w@freewebs.com
Hong,Som,Female,dhousam3x@rambler.ru
Nam,So-ra,Female,medmonstone3y@yahoo.com
Namgung,So-ri,Female,vlittlejohns3z@aol.com
Yeon,Sol,Unknown,aalcide40@mapy.cz
Yeom,Song-yi,Female,sglackin41@china.com.cn
Ye,Seul-ki,Female,cboobyer42@tripadvisor.com
O,Ah-ra,Female,mkemwal43@list-manage.com
Ok,Ah-ram,Female,aomalley44@google.co.jp
Wang,Ah-rong,Female,lnoden45@craigslist.org
Yong,Ah-reum,Female,mhaucke46@macromedia.com
U,Ah-ri,Female,jbroadstock47@deviantart.com
Won,Arisol,Female,jdunkersley48@homestead.com
Wi,Yoon-seul,Unknown,hmconie49@upenn.edu
Yu,Yeo-reum,Female,gtomasik4a@mayoclinic.com
Yuk,Yeo-wool,Female,zquimby4b@meetup.com
Yun,Yerina,Female,wplinck4c@soundcloud.com
Eun,Ye-seul,Female,tsolway4d@jimdo.com
Lee,On,Unknown,rcraghead4e@cmu.edu
In,Woo-ram,Male,bkermon4f@epa.gov
Lim,Woo-ri,Unknown,hbendixen4g@weebly.com
Jang,Eu-tteum,Unknown,kedgson4h@toplist.cz
Jeon,Yi-re,Female,orothschild4i@friendfeed.com
Jeong,Yiroun,Male,lownsworth4j@about.com
Jae,Yiruda,Unknown,idownes4k@1und1.de
Cho,Yiruri,Female,adaelman4l@intel.com
Cha,Yi-seul,Female,ctolhurst4m@odnoklassniki.ru
Cheon,Ja-ram,Unknown,oesposita4n@earthlink.net
Ha,Jan-di,Female,jquarton4o@pen.io
Hwang,Jo-eun,Female,scarlow4p@acquirethisname.com
Dokgo,Chaoreum,Male,fduck4q@dion.ne.jp
Don,Cho-rong,Female,cgomme4r@zdnet.com
Dong,Cho-neul,Unknown,jmcgowing4s@slideshare.net
Dongbang,Pu-reun,Unknown,myendle4t@toplist.cz
Du,Pu-reum,Unknown,amackonochie4u@wordpress.com
Deung,Ha-na,Female,cwanklin4v@blogspot.com
Deungjeong,Ha-neul,Unknown,bbudik4w@plala.or.jp
Ra,Ha-nui,Female,eedison4x@sitemeter.com
Ran,Ha-da,Unknown,mcamelli4y@upenn.edu
Rang,Ha-ram,Unknown,mcottam4z@discovery.com
Ryeo,Ha-ru,Unknown,mchristin50@mail.ru
Roh,Ha-seul,Unknown,gbyatt51@bravesites.com
Roe,Ha-yan,Unknown,jbeebis52@sitemeter.com
Ryu,Hayana,Female,bchecchi53@theguardian.com
Ree,Hayera,Female,tchesswas54@wufoo.com
Rim,Han-gyeol,Male,ldigg55@netscape.com
Ma,Han-gil,Male,wbengough56@google.com
Sin,Han-byul,Unknown,marent57@slate.com
Sim,Han-saem,Unknown,obarfitt58@typepad.com
An,Han-wool,Unknown,grivelin59@google.com.br
Yang,Hae-rang,Female,ldyson5a@yelp.com
Yeo,Haeoreum,Male,dbellhanger5b@auda.org.au
Chu,Haet-nim,Female,gklemke5c@ucoz.com
Jung,Haet-sal,Female,fambrozik5d@meetup.com
Chae,Haet-bit,Female,lschusterl5e@bbc.co.uk
Choi,Hye-yum,Female,bleathem5f@europa.eu
Choo,Him-chan,Male,pnore5g@fda.gov
Phyo,Maruhan,Male,wdahle5h@gmpg.org
Maeng,Saem-na,Female,fsiccombe5i@soundcloud.com
Myeong,Onnuri,Female,sditt5j@indiegogo.com
Mo,Eun-byul,Female,jstratten5k@microsoft.com
Mok,Eun-bi,Female,lmccrie5l@tinyurl.com
Myo,Eun-saem,Female,smerill5m@odnoklassniki.ru
Mu,Channuri,Male,gdewen5n@wufoo.com
Mubon,Hanarin,Female,bhayball5o@kickstarter.com
Muk,Hannuri,Unknown,rgribbell5p@hc360.com
Mun,Ga-young,Female,dpocklington5q@myspace.com
Mi,Kang-min,Male,hpilipets5r@simplemachines.org
Min,Kyung-gu,Male,mallington5s@mlb.com
Bak,Kyung-lim,Unknown,gtimperley5t@sciencedaily.com
Ban,Kyung-mo,Male,bwhistlecroft5u@fc2.com
Bang,Kyung-wan,Unknown,sacreman5v@scientificamerican.com
Bae,Kyung-taek,Male,jpele5w@blog.com
Baek,Kwang-jo,Male,lhegley5x@goo.gl
Byeon,Na-young,Female,cruffles5y@phpbb.com
Bong,Nam-kyu,Male,hwayman5z@loc.gov
Bu,Nam-sun,Unknown,sloveman60@facebook.com
Sa,Deok-su,Male,cmcpartlin61@phpbb.com
Seo,Dong-gun,Male,aelacoate62@wiley.com
Seok,Mu-yeol,Male,daleswell63@addtoany.com
Seon,Mu-young,Male,kmcilwrath64@livejournal.com
Seol,Mi-ran,Female,jmckeady65@opera.com
Seong,Mi-rae,Female,gcaswall66@fda.gov
So,Min-seo,Female,whyrons67@wisc.edu
Son,Byung-hun,Male,dmattiello68@ezinearticles.com
Song,Seong-han,Male,npiesing69@joomla.org
Ga,Sook-ja,Female,ccrowcroft6a@va.gov
Gan,Seung-heon,Male,fpolon6b@guardian.co.uk
Gal,Ae-jung,Female,sstenton6c@php.net
Gam,Yeo-jin,Female,eisaac6d@economist.com
Gang,Young-shin,Unknown,jjanaszkiewicz6e@wp.com
Gyeon,Young-ae,Female,bwhittingham6f@stumbleupon.com
Gyeong,Oh-seong,Male,bsurphliss6g@1und1.de
Gye,Yo-han,Male,cpalay6h@omniture.com
Go,Yu-ri,Female,aleisk6i@networkadvertising.org
Gok,Eun-chae,Female,dorehead6j@nifty.com
Gong,Eunhasu,Female,gyesenev6k@eventbrite.com
Gwak,Yi-kyung,Female,kslocum6l@go.com
Gwan,Yi-soo,Male,wjarrette6m@nsw.gov.au
Gyo,Il-sung,Male,cderisley6n@java.com
Gu,Ja-kyung,Unknown,epollastrino6o@furl.net
Guk,Jang-mi,Female,bsimmers6p@vistaprint.com
Gung,Jae-gyu,Unknown,bkiddey6q@springer.com
Gwok,Jae-beom,Male,jspadaro6r@feedburner.com
Gwon,Jae-seop,Male,mmcgrayle6s@163.com
Geun,Jae-shin,Unknown,gsawday6t@bloglines.com
Geum,Jae-in,Unknown,gconiam6u@hibu.com
Gi,Ji-hae,Unknown,doutridge6v@lulu.com
Gil,Chul-soon,Male,ppatroni6w@bloomberg.com
Kim,Chi-won,Male,gpennetta6x@china.com.cn
Eom,Hyun-seung,Male,ksiaspinski6y@sun.com
Han,Hye-rin,Female,plydall6z@mlb.com
Heo,Hye-rim,Female,swhistlecroft70@accuweather.com
Hyeon,Gun,Male,hvedyashkin71@example.com
Hong,Kwang,Male,twrightson72@edublogs.org
Nam,Ran,Female,ppauly73@cmu.edu
Namgung,Lee,Unknown,rtomney74@springer.com
Yeon,Lin,Female,jdurman75@arstechnica.com
Yeom,Sang,Unknown,slimpricht76@xinhuanet.com
Ye,Seol,Female,tjancar77@time.com
O,Seong,Unknown,hdaingerfield78@jigsy.com
Ok,Woong,Male,ceatock79@usda.gov
Wang,Eun,Unknown,swynrehame7a@google.com.au
Yong,Jae,Unknown,klacase7b@java.com
U,Ji,Unknown,mcumpton7c@thetimes.co.uk
Won,Jin,Unknown,gcurnnokk7d@eepurl.com
Wi,Chan,Male,edunan7e@forbes.com
Yu,Chul,Male,akohring7f@yahoo.co.jp
Yuk,Hyuk,Male,asaville7g@w3.org
Yun,Hyun,Unknown,rbomfield7h@aol.com
Eun,Ho,Male,jlambole7i@japanpost.jp
Lee,Hoon,Male,vhembry7j@facebook.com
In,Ga-ram,Unknown,mstammer7k@ebay.com
Lim,Ga-eul,Female,bcursons7l@vk.com
Jang,Gyeo-wool,Unknown,bmeese7m@msu.edu
Jeon,Go-eun,Female,alorrain7n@blogtalkradio.com
Jeong,Gu-reum,Female,drittelmeyer7o@mashable.com
Jae,Gu-seul,Female,dbellino7p@icq.com
Cho,Geu-roo,Unknown,geberle7q@naver.com
Cha,Gi-ppeum,Female,rmiko7r@hibu.com
Cheon,Kkot,Female,tvigus7s@dell.com
Ha,Na-gil,Male,vpretious7t@whitehouse.gov
Hwang,Na-ra,Female,jallingham7u@tamu.edu
Dokgo,Narabit,Unknown,gmullane7v@ucla.edu
Don,Narauram,Male,jandras7w@icq.com
Dong,Na-rae,Female,acridlin7x@mac.com
Dongbang,Na-ri,Female,bgarthside7y@vkontakte.ru
Du,Na-moo,Unknown,gbeart7z@youku.com
Deung,Na-bom,Female,khagergham80@tinyurl.com
Deungjeong,Na-bi,Female,lstiegar81@eepurl.com
Ra,Na-bit,Female,whussy82@shop-pro.jp
Ran,Na-eol,Male,livanichev83@odnoklassniki.ru
Rang,Na-byeol,Female,scrisall84@omniture.com
Ryeo,No-eul,Unknown,smalham85@mediafire.com
Roh,Noo-ri,Unknown,jornelas86@blogs.com
Roe,Da-rae,Female,cbenjamin87@dedecms.com
Ryu,Da-som,Female,gscrivinor88@jiathis.com
Ree,Da-son,Unknown,rcastanyer89@yelp.com
Rim,Dasoni,Unknown,kbeagrie8a@usatoday.com
Ma,Dasol,Female,sswannie8b@fda.gov
Sin,Da-woon,Male,gcromblehome8c@ucsd.edu
Sim,Dan-bi,Female,evella8d@businessweek.com
An,Dan-a,Female,sbiset8e@independent.co.uk
Yang,Dal,Unknown,apalmby8f@cocolog-nifty.com
Yeo,Dal-rae,Female,hchoulerton8g@ehow.com
Chu,Dam-bi,Female,rwimlet8h@purevolume.com
Jung,Du-ri,Unknown,ballone8i@php.net
Chae,Ra-on,Female,wcleaton8j@canalblog.com
Choi,Ra-woom,Female,mankrett8k@earthlink.net
Choo,Ru-da,Female,vvasyutochkin8l@unblog.fr
Phyo,Ru-ri,Female,egyves8m@smh.com.au
Maeng,Ma-ri,Female,vearey8n@reference.com
Myeong,Ma-eum,Female,bmoulden8o@ucsd.edu
Mo,Meari,Female,gsaffe8p@squarespace.com
Mok,Mi-reu,Unknown,epensom8q@live.com
Myo,Mirinae,Female,lolyet8r@about.com
Mu,Mit-eum,Male,mspears8s@dailymail.co.uk
Mubon,Mindeulle,Female,cbodker8t@archive.org
Muk,Ba-da,Unknown,mmuggach8u@japanpost.jp
Mun,Ba-ram,Unknown,zmccaughan8v@squarespace.com
Mi,Beo-deul,Male,vpenhale8w@tuttocitta.it
Min,Byeol,Female,pgeorgiev8x@com.com
Bak,Byeol-bit,Female,rheliet8y@twitpic.com
Ban,Byeol-ha,Unknown,drupp8z@huffingtonpost.com
Bang,Byeol-jji,Female,areinbech90@ask.com
Bae,Bom,Female,dtregale91@skype.com
Baek,Bo-da,Female,bburds92@sbwire.com
Byeon,Bo-ra,Female,lramelet93@yahoo.co.jp
Bong,Bo-ram,Female,cloche94@youtu.be
Bu,Ba-ron,Unknown,fmacandie95@businesswire.com
Sa,Ba-rom,Unknown,tpomfrey96@topsy.com
Seo,Bo-reum,Female,dswaine97@salon.com
Seok,Bitgaram,Male,rorford98@blinklist.com
Seon,Bit-na,Female,cmethuen99@cbsnews.com
Seol,Bitnara,Female,mquarlis9a@cornell.edu
Seong,Bi,Female,seannetta9b@huffingtonpost.com
So,Sa-rang,Female,bvaney9c@theguardian.com
Son,Sandara,Female,pclifft9d@globo.com
Song,San-deul,Unknown,agolde9e@behance.net
Ga,Saem,Male,ljosupeit9f@elegantthemes.com
Gan,Saeroi,Male,dlogsdale9g@e-recht24.de
Gal,Sae-ron,Female,cantonoyev9h@clickbank.net
Gam,Sae-rom,Female,ntonner9i@yahoo.com
Gang,Sae-byeok,Female,cpaulazzi9j@cdbaby.com
Gyeon,Sae-yan,Female,dalliband9k@example.com
Gyeong,Saet-byeol,Female,sharner9l@harvard.edu
Gye,Saeng-geul,Unknown,vbeeston9m@imageshack.us
Go,Som,Female,jmoniker9n@alibaba.com
Gok,So-ra,Female,mstobbe9o@linkedin.com
Gong,So-ri,Female,pboolsen9p@uol.com.br
Gwak,Sol,Unknown,npaulillo9q@github.com
Gwan,Song-yi,Female,vpennini9r@tumblr.com
Gyo,Seul-ki,Female,ghollyard9s@prlog.org
Gu,Ah-ra,Female,cfilasov9t@slideshare.net
Guk,Ah-ram,Female,jboatswain9u@homestead.com
Gung,Ah-rong,Female,laxston9v@skype.com
Gwok,Ah-reum,Female,ksorbey9w@usgs.gov
Gwon,Ah-ri,Female,kstepto9x@columbia.edu
Geun,Arisol,Female,bwhicher9y@rakuten.co.jp
Geum,Yoon-seul,Unknown,glamshead9z@twitter.com
Gi,Yeo-reum,Female,bbarstowa0@chron.com
Gil,Yeo-wool,Female,jrokea1@reference.com
Kim,Yerina,Female,jterbecka2@ed.gov
Eom,Ye-seul,Female,cgarrarda3@domainmarket.com
Han,On,Unknown,nsteinera4@marketwatch.com
Heo,Woo-ram,Male,ecrona5@examiner.com
Hyeon,Woo-ri,Unknown,akermodea6@etsy.com
Hong,Eu-tteum,Unknown,wperrellea7@upenn.edu
Nam,Yi-re,Female,slawna8@nydailynews.com
Namgung,Yiroun,Male,atestroa9@rediff.com
Yeon,Yiruda,Unknown,ccorsellesaa@wikipedia.org
Yeom,Yiruri,Female,aunworthab@yellowpages.com
Ye,Yi-seul,Female,bilymanovac@cnet.com
O,Ja-ram,Unknown,elegrovead@imdb.com
Ok,Jan-di,Female,lgauvainae@youku.com
Wang,Jo-eun,Female,cquilteraf@vkontakte.ru
Yong,Chaoreum,Male,ldiversag@europa.eu
U,Cho-rong,Female,latkirkah@so-net.ne.jp
Won,Cho-neul,Unknown,cdanneilai@scribd.com
Wi,Pu-reun,Unknown,gleftleyaj@sourceforge.net
Yu,Pu-reum,Unknown,thaburneak@mozilla.org
Yuk,Ha-na,Female,gswancottal@ibm.com
Yun,Ha-neul,Unknown,lwatsamam@ifeng.com
Eun,Ha-nui,Female,gscottsan@unblog.fr
Lee,Ha-da,Unknown,kbemlottao@slate.com
In,Ha-ram,Unknown,civanchikovap@histats.com
Lim,Ha-ru,Unknown,bbuchananaq@hubpages.com
Jang,Ha-seul,Unknown,ledgehillar@cocolog-nifty.com
Jeon,Ha-yan,Unknown,tshuttleas@wikispaces.com
Jeong,Hayana,Female,abrunetat@nydailynews.com
Jae,Hayera,Female,ebroadeyau@bizjournals.com
Cho,Han-gyeol,Male,lbroadnickeav@sina.com.cn
Cha,Han-gil,Male,gcurpheyaw@amazon.com
Cheon,Han-byul,Unknown,wbucheax@smh.com.au
Ha,Han-saem,Unknown,jjordisonay@biblegateway.com
Hwang,Han-wool,Unknown,jbambraaz@psu.edu
Dokgo,Hae-rang,Female,mkubistab0@vinaora.com
Don,Haeoreum,Male,tmcgeeb1@hatena.ne.jp
Dong,Haet-nim,Female,bcauserb2@webmd.com
Dongbang,Haet-sal,Female,gdaftorb3@google.pl
Du,Haet-bit,Female,ksworneb4@squarespace.com
Deung,Hye-yum,Female,dtillerb5@netlog.com
Deungjeong,Him-chan,Male,iifflandb6@behance.net
Ra,Maruhan,Male,gkeunemannb7@abc.net.au
Ran,Saem-na,Female,kfurnessb8@wikia.com
Rang,Onnuri,Female,edreghornb9@github.com
Ryeo,Eun-byul,Female,aferrynba@sohu.com
Roh,Eun-bi,Female,tgribbonbb@ning.com
Roe,Eun-saem,Female,menglishbc@indiatimes.com
Ryu,Channuri,Male,cbartzenbd@nymag.com
Ree,Hanarin,Female,dhaxbybe@ft.com
Rim,Hannuri,Unknown,gallnerbf@behance.net
Ma,Ga-young,Female,gbaseggiobg@stanford.edu
Sin,Kang-min,Male,gbawlebh@microsoft.com
Sim,Kyung-gu,Male,klammertbi@hhs.gov
An,Kyung-lim,Unknown,rcoxbj@admin.ch
Yang,Kyung-mo,Male,hborgnebk@geocities.jp
Yeo,Kyung-wan,Unknown,talbinsonbl@networkadvertising.org
Chu,Kyung-taek,Male,dmalcolmsonbm@blogspot.com
Jung,Kwang-jo,Male,nbaudinetbn@google.de
Chae,Na-young,Female,rreolfobo@ask.com
Choi,Nam-kyu,Male,aaimbp@bravesites.com
Choo,Nam-sun,Unknown,rgerokbq@netscape.com
Phyo,Deok-su,Male,mkaplanbr@nih.gov
Maeng,Dong-gun,Male,dgoodbairnbs@spotify.com
Myeong,Mu-yeol,Male,fmountbt@indiegogo.com
Mo,Mu-young,Male,dmanuellobu@jimdo.com
Mok,Mi-ran,Female,dcraikerbv@google.cn
Myo,Mi-rae,Female,mrobisonbw@kickstarter.com
Mu,Min-seo,Female,abraddockbx@census.gov
Mubon,Byung-hun,Male,wmeadleyby@bing.com
Muk,Seong-han,Male,agealybz@china.com.cn
Mun,Sook-ja,Female,deassomc0@apache.org
Mi,Seung-heon,Male,espeedingc1@amazon.co.jp
Min,Ae-jung,Female,ovandermarkc2@google.fr
Bak,Yeo-jin,Female,mpenvardenc3@sina.com.cn
Ban,Young-shin,Unknown,rpollandc4@techcrunch.com
Bang,Young-ae,Female,astoodc5@linkedin.com
Bae,Oh-seong,Male,ppoveyc6@icq.com
Baek,Yo-han,Male,lscolac7@gnu.org
Byeon,Yu-ri,Female,cbuchananc8@comcast.net
Bong,Eun-chae,Female,hhearmonc9@meetup.com
Bu,Eunhasu,Female,ebrinkmanca@blogger.com
Sa,Yi-kyung,Female,csimminscb@pinterest.com
Seo,Yi-soo,Male,rarchardcc@mit.edu
Seok,Il-sung,Male,ldwerryhousecd@wordpress.org
Seon,Ja-kyung,Unknown,egreavesce@ycombinator.com
Seol,Jang-mi,Female,aneliuscf@admin.ch
Seong,Jae-gyu,Unknown,khadwincg@nytimes.com
So,Jae-beom,Male,tclayworthch@dell.com
Son,Jae-seop,Male,yalderci@dedecms.com
Song,Jae-shin,Unknown,ascarsbrickcj@bizjournals.com
Ga,Jae-in,Unknown,rlurcockck@alibaba.com
Gan,Ji-hae,Unknown,gpetterscl@google.co.uk
Gal,Chul-soon,Male,doxshottcm@alexa.com
Gam,Chi-won,Male,sjantetcn@blinklist.com
Gang,Hyun-seung,Male,oboutsco@dropbox.com
Gyeon,Hye-rin,Female,abucknallcp@dyndns.org
Gyeong,Hye-rim,Female,mpetrosiancq@wunderground.com
Gye,Gun,Male,hpitrollocr@jiathis.com
Go,Kwang,Male,bsimchenkocs@dmoz.org
Gok,Ran,Female,arizzinict@globo.com
Gong,Lee,Unknown,tstoffelscu@msu.edu
Gwak,Lin,Female,aburchellcv@ebay.co.uk
Gwan,Sang,Unknown,bjoscelincw@ezinearticles.com
Gyo,Seol,Female,aheedcx@eepurl.com
Gu,Seong,Unknown,rtunstallcy@linkedin.com
Guk,Woong,Male,aboydlecz@yellowbook.com
Gung,Eun,Unknown,sbrickhamd0@netlog.com
Gwok,Jae,Unknown,ddumbreckd1@skyrock.com
Gwon,Ji,Unknown,kwilseed2@ted.com
Geun,Jin,Unknown,sjeanetd3@pinterest.com
Geum,Chan,Male,hstillerd4@mysql.com
Gi,Chul,Male,jtogherd5@vistaprint.com
Gil,Hyuk,Male,gpurdeyd6@simplemachines.org
Kim,Hyun,Unknown,kmanginotd7@tuttocitta.it
Eom,Ho,Male,aainscoughd8@ted.com
Han,Hoon,Male,otetfordd9@huffingtonpost.com
Heo,Ga-ram,Unknown,sdunniomda@globo.com
Hyeon,Ga-eul,Female,fpaulsdb@github.com
Hong,Gyeo-wool,Unknown,sfaucettdc@furl.net
Nam,Go-eun,Female,stuppenydd@weebly.com
Namgung,Gu-reum,Female,jhawkswoodde@bbc.co.uk
Yeon,Gu-seul,Female,imirfindf@amazon.com
Yeom,Geu-roo,Unknown,bkindalldg@weebly.com
Ye,Gi-ppeum,Female,aquiltydh@altervista.org
O,Kkot,Female,cemigdi@hubpages.com
Ok,Na-gil,Male,nscurlockdj@techcrunch.com
Wang,Na-ra,Female,psnowdondk@ftc.gov
Yong,Narabit,Unknown,nolfertdl@slashdot.org
U,Narauram,Male,rfrankendm@infoseek.co.jp
Won,Na-rae,Female,estricklanddn@goo.gl
Wi,Na-ri,Female,mlicciardiellodo@youtu.be
Yu,Na-moo,Unknown,ssedmandp@hubpages.com
Yuk,Na-bom,Female,aosgarbydq@themeforest.net
Yun,Na-bi,Female,wkelliedr@dmoz.org
Eun,Na-bit,Female,lmacgraghds@seattletimes.com
Lee,Na-eol,Male,qoswelldt@businessweek.com
In,Na-byeol,Female,pcarassdu@disqus.com
Lim,No-eul,Unknown,wocahsedydv@blinklist.com
Jang,Noo-ri,Unknown,rmegroffdw@ft.com
Jeon,Da-rae,Female,edeweydx@cnbc.com
Jeong,Da-som,Female,jmapledorumdy@sohu.com
Jae,Da-son,Unknown,straceydz@wsj.com
Cho,Dasoni,Unknown,gliquorishe0@cdc.gov
Cha,Dasol,Female,apulfere1@un.org
Cheon,Da-woon,Male,ckinvere2@google.co.jp
Ha,Dan-bi,Female,wportee3@t-online.de
Hwang,Dan-a,Female,ehamille4@altervista.org
Dokgo,Dal,Unknown,mlakese5@wikispaces.com
Don,Dal-rae,Female,hhubatsche6@google.nl
Dong,Dam-bi,Female,bfadiane7@ucoz.com
Dongbang,Du-ri,Unknown,jdebenhame8@europa.eu
Du,Ra-on,Female,smcinnernye9@businessweek.com
Deung,Ra-woom,Female,prosenwaldea@wordpress.org
Deungjeong,Ru-da,Female,bsilberteb@imdb.com
Ra,Ru-ri,Female,repineec@arizona.edu
Ran,Ma-ri,Female,tfernyhoughed@mozilla.org
Rang,Ma-eum,Female,kmccookee@washington.edu
Ryeo,Meari,Female,rperottef@about.me
Roh,Mi-reu,Unknown,nmealingeg@surveymonkey.com
Roe,Mirinae,Female,bgoburneh@squidoo.com
Ryu,Mit-eum,Male,carnoldiei@ftc.gov
Ree,Mindeulle,Female,dquantrillej@nyu.edu
Rim,Ba-da,Unknown,rcoultek@twitter.com
Ma,Ba-ram,Unknown,gprattingtonel@soundcloud.com
Sin,Beo-deul,Male,fbaughanem@smugmug.com
Sim,Byeol,Female,hlesieuren@businesswire.com
An,Byeol-bit,Female,gtreeceeo@cdc.gov
Yang,Byeol-ha,Unknown,aderuelep@qq.com
Yeo,Byeol-jji,Female,hsabateeq@cyberchimps.com
Chu,Bom,Female,cbarcaer@printfriendly.com
Jung,Bo-da,Female,mtortes@usgs.gov
Chae,Bo-ra,Female,dhengoedet@hostgator.com
Choi,Bo-ram,Female,umatuschekeu@google.es
Choo,Ba-ron,Unknown,smccrostieev@cdc.gov
Phyo,Ba-rom,Unknown,dmerryweatherew@pen.io
Maeng,Bo-reum,Female,jvellacottex@360.cn
Myeong,Bitgaram,Male,fbyey@cornell.edu
Mo,Bit-na,Female,memmanueliez@sogou.com
Mok,Bitnara,Female,bbenesf0@prlog.org
Myo,Bi,Female,mtregennaf1@walmart.com
Mu,Sa-rang,Female,zhoff2@bing.com
Mubon,Sandara,Female,dmccaughrenf3@vk.com
Muk,San-deul,Unknown,dphrippf4@delicious.com
Mun,Saem,Male,aemtagef5@loc.gov
Mi,Saeroi,Male,ecouparf6@google.de
Min,Sae-ron,Female,chakewellf7@1und1.de
Bak,Sae-rom,Female,mroycroftf8@forbes.com
Ban,Sae-byeok,Female,chexhamf9@behance.net
Bang,Sae-yan,Female,holivettafa@buzzfeed.com
Bae,Saet-byeol,Female,zfilipfb@wikia.com
Baek,Saeng-geul,Unknown,bcrosgrovefc@webmd.com
Byeon,Som,Female,cwestmacottfd@prnewswire.com
Bong,So-ra,Female,tcristofanofe@dot.gov
Bu,So-ri,Female,jwieldff@nps.gov
Sa,Sol,Unknown,morrellfg@yahoo.co.jp
Seo,Song-yi,Female,cfeldkleinfh@google.co.uk
Seok,Seul-ki,Female,pwhitakerfi@telegraph.co.uk
Seon,Ah-ra,Female,ggittensfj@samsung.com
Seol,Ah-ram,Female,tvenablesfk@msn.com
Seong,Ah-rong,Female,kcurnowfl@hexun.com
So,Ah-reum,Female,aginofm@mapy.cz
Son,Ah-ri,Female,kanearfn@ifeng.com
Song,Arisol,Female,lluttonfo@shareasale.com
Ga,Yoon-seul,Unknown,fwestleyfp@zdnet.com
Gan,Yeo-reum,Female,kportchmouthfq@topsy.com
Gal,Yeo-wool,Female,ovausefr@phoca.cz
Gam,Yerina,Female,hblannfs@biblegateway.com
Gang,Ye-seul,Female,fbernathft@npr.org
Gyeon,On,Unknown,rprudencefu@cdbaby.com
Gyeong,Woo-ram,Male,ltrencherfv@google.fr
Gye,Woo-ri,Unknown,kphillpfw@independent.co.uk
Go,Eu-tteum,Unknown,augofx@taobao.com
Gok,Yi-re,Female,jgrimafy@cnbc.com
Gong,Yiroun,Male,dmcneafz@nifty.com
Gwak,Yiruda,Unknown,bengelmanng0@cornell.edu
Gwan,Yiruri,Female,cmongaing1@google.ca
Gyo,Yi-seul,Female,qsandelsg2@chron.com
Gu,Ja-ram,Unknown,bjerromg3@altervista.org
Guk,Jan-di,Female,nkellertg4@harvard.edu
Gung,Jo-eun,Female,kwootong5@mit.edu
Gwok,Chaoreum,Male,lleistg6@intel.com
Gwon,Cho-rong,Female,cbraundsg7@businessinsider.com
Geun,Cho-neul,Unknown,lmoralesg8@patch.com
Geum,Pu-reun,Unknown,sfruddg9@arizona.edu
Gi,Pu-reum,Unknown,jbonhommega@sakura.ne.jp
Gil,Ha-na,Female,jmaddrahgb@illinois.edu
Kim,Ha-neul,Unknown,kstrainegc@eventbrite.com
Eom,Ha-nui,Female,hforsydegd@istockphoto.com
Han,Ha-da,Unknown,hruscoege@java.com
Heo,Ha-ram,Unknown,rheminsleygf@chicagotribune.com
Hyeon,Ha-ru,Unknown,rabrygg@thetimes.co.uk
Hong,Ha-seul,Unknown,syoselevitchgh@sciencedirect.com
Nam,Ha-yan,Unknown,dshackelgi@oaic.gov.au
Namgung,Hayana,Female,eblenkensopgj@columbia.edu
Yeon,Hayera,Female,wdockrillgk@is.gd
Yeom,Han-gyeol,Male,rpaolettogl@ox.ac.uk
Ye,Han-gil,Male,wsandongm@who.int
O,Han-byul,Unknown,cdankgn@flickr.com
Ok,Han-saem,Unknown,gweygo@desdev.cn
Wang,Han-wool,Unknown,bwigginsgp@guardian.co.uk
Yong,Hae-rang,Female,tdominogq@eepurl.com
U,Haeoreum,Male,etortisgr@dagondesign.com
Won,Haet-nim,Female,onavarijogs@symantec.com
Wi,Haet-sal,Female,ilyndgt@wiley.com
Yu,Haet-bit,Female,wbellinigu@dell.com
Yuk,Hye-yum,Female,evardeygv@nih.gov
Yun,Him-chan,Male,bfurneygw@com.com
Eun,Maruhan,Male,bsickamoregx@fda.gov
Lee,Saem-na,Female,ililloegy@goodreads.com
In,Onnuri,Female,cmaccollomgz@delicious.com
Lim,Eun-byul,Female,mrotteryh0@npr.org
Jang,Eun-bi,Female,jninnish1@cpanel.net
Jeon,Eun-saem,Female,ksweetmanh2@accuweather.com
Jeong,Channuri,Male,jdobesonh3@tinyurl.com
Jae,Hanarin,Female,cbabalolah4@wsj.com
Cho,Hannuri,Unknown,gscrangeh5@cisco.com
Cha,Ga-young,Female,jmarriotth6@pcworld.com
Cheon,Kang-min,Male,gdepperh7@dmoz.org
Ha,Kyung-gu,Male,cblabeyh8@chicagotribune.com
Hwang,Kyung-lim,Unknown,ejedrzejkiewiczh9@kickstarter.com
Dokgo,Kyung-mo,Male,lmussenha@trellian.com
Don,Kyung-wan,Unknown,ngibbiesonhb@time.com
Dong,Kyung-taek,Male,ayardyhc@posterous.com
Dongbang,Kwang-jo,Male,wgostlinghd@newyorker.com
Du,Na-young,Female,dcoilshe@nytimes.com
Deung,Nam-kyu,Male,lcassarhf@nba.com
Deungjeong,Nam-sun,Unknown,dlebbernhg@webmd.com
Ra,Deok-su,Male,rspillerhh@google.com.au
Ran,Dong-gun,Male,llasletthi@patch.com
Rang,Mu-yeol,Male,cstoterhj@indiatimes.com
Ryeo,Mu-young,Male,eclappsonhk@histats.com
Roh,Mi-ran,Female,bawcockhl@wikimedia.org
Roe,Mi-rae,Female,nmurrishhm@cnn.com
Ryu,Min-seo,Female,dalfonsohn@fda.gov
Ree,Byung-hun,Male,jabelovho@nymag.com
Rim,Seong-han,Male,tgummhp@skyrock.com
Ma,Sook-ja,Female,mmallochhq@ucla.edu
Sin,Seung-heon,Male,dyankinhr@dot.gov
Sim,Ae-jung,Female,ldumphrieshs@digg.com
An,Yeo-jin,Female,fszreterht@etsy.com
Yang,Young-shin,Unknown,mlatheehu@ca.gov
Yeo,Young-ae,Female,hdominichettihv@bandcamp.com
Chu,Oh-seong,Male,kcolthursthw@jalbum.net
Jung,Yo-han,Male,nventurolihx@devhub.com
Chae,Yu-ri,Female,baselhy@fc2.com
Choi,Eun-chae,Female,jgilfetherhz@vimeo.com
Choo,Eunhasu,Female,smachostei0@barnesandnoble.com
Phyo,Yi-kyung,Female,byousefi1@huffingtonpost.com
Maeng,Yi-soo,Male,cbleadeni2@trellian.com
Myeong,Il-sung,Male,stitfordi3@smugmug.com
Mo,Ja-kyung,Unknown,gprujeani4@vimeo.com
Mok,Jang-mi,Female,rbranscombi5@samsung.com
Myo,Jae-gyu,Unknown,padeyi6@dedecms.com
Mu,Jae-beom,Male,aguarini7@foxnews.com
Mubon,Jae-seop,Male,csutherleyi8@engadget.com
Muk,Jae-shin,Unknown,nclinnicki9@webeden.co.uk
Mun,Jae-in,Unknown,hjerromia@webs.com
Mi,Ji-hae,Unknown,tpritchittib@pbs.org
Min,Chul-soon,Male,gkhidric@eventbrite.com
Bak,Chi-won,Male,dmanginid@narod.ru
Ban,Hyun-seung,Male,eannattie@flickr.com
Bang,Hye-rin,Female,mgraceif@webeden.co.uk
Bae,Hye-rim,Female,rlacknerig@webnode.com
Baek,Gun,Male,gfautleyih@pen.io
Byeon,Kwang,Male,szelnerii@about.com
Bong,Ran,Female,fwoodruffeij@yellowpages.com
Bu,Lee,Unknown,mcrucittiik@usgs.gov
Sa,Lin,Female,ckornyakovil@techcrunch.com
Seo,Sang,Unknown,tcruxtonim@yolasite.com
Seok,Seol,Female,rsalkeldin@cocolog-nifty.com
Seon,Seong,Unknown,vkynndio@soundcloud.com
Seol,Woong,Male,wmacelaneip@sun.com
Seong,Eun,Unknown,cvickressiq@examiner.com
So,Jae,Unknown,gcaesarir@g.co
Son,Ji,Unknown,mavraamis@blog.com
Song,Jin,Unknown,kguillilandit@ovh.net
Ga,Chan,Male,fathridgeiu@un.org
Gan,Chul,Male,hiannoiv@house.gov
Gal,Hyuk,Male,mvanveldeniw@tinypic.com
Gam,Hyun,Unknown,gklugelix@tripadvisor.com
Gang,Ho,Male,njohantgesiy@youku.com
Gyeon,Hoon,Male,kondraiz@nyu.edu
Gyeong,Ga-ram,Unknown,apiffej0@github.com
Gye,Ga-eul,Female,crewcastlej1@mtv.com
Go,Gyeo-wool,Unknown,ljanczakj2@cnbc.com
Gok,Go-eun,Female,alowseleyj3@hexun.com
Gong,Gu-reum,Female,eriedigerj4@chronoengine.com
Gwak,Gu-seul,Female,skeetsj5@webnode.com
Gwan,Geu-roo,Unknown,jpottagej6@ustream.tv
Gyo,Gi-ppeum,Female,pofinanj7@qq.com
Gu,Kkot,Female,ksheeranj8@plala.or.jp
Guk,Na-gil,Male,cgeraldoj9@istockphoto.com
Gung,Na-ra,Female,wkingswoodja@com.com
Gwok,Narabit,Unknown,pmillhousejb@businesswire.com
Gwon,Narauram,Male,bmaasjc@wikia.com
Geun,Na-rae,Female,jstenyngjd@rakuten.co.jp
Geum,Na-ri,Female,sbalchje@reuters.com
Gi,Na-moo,Unknown,elawlancejf@umich.edu
Gil,Na-bom,Female,skinastanjg@csmonitor.com
Kim,Na-bi,Female,pheselwoodjh@mediafire.com
Eom,Na-bit,Female,rwoolpertji@mayoclinic.com
Han,Na-eol,Male,ftaljj@narod.ru
Heo,Na-byeol,Female,cmaddrahjk@youtu.be
Hyeon,No-eul,Unknown,mroobottomjl@cnn.com
Hong,Noo-ri,Unknown,asybryjm@nih.gov
Nam,Da-rae,Female,koconnelljn@bravesites.com
Namgung,Da-som,Female,dbasiliojo@list-manage.com
Yeon,Da-son,Unknown,mkeldjp@friendfeed.com
Yeom,Dasoni,Unknown,goleksiakjq@geocities.jp
Ye,Dasol,Female,kwalkinshawjr@sfgate.com
O,Da-woon,Male,mtrottonjs@bloomberg.com
Ok,Dan-bi,Female,bstaytejt@mashable.com
Wang,Dan-a,Female,dshrimptonju@wix.com
Yong,Dal,Unknown,skearfordjv@feedburner.com
U,Dal-rae,Female,lewensjw@google.es
Won,Dam-bi,Female,fdumbralljx@smugmug.com
Wi,Du-ri,Unknown,nyandlejy@macromedia.com
Yu,Ra-on,Female,wgorkejz@tumblr.com
Yuk,Ra-woom,Female,aweylandk0@prnewswire.com
Yun,Ru-da,Female,cmarchenkok1@cdbaby.com
Eun,Ru-ri,Female,rmaragak2@e-recht24.de
Lee,Ma-ri,Female,namesk3@over-blog.com
In,Ma-eum,Female,rbricketk4@auda.org.au
Lim,Meari,Female,fnutbeamk5@wikia.com
Jang,Mi-reu,Unknown,lhollyardk6@google.fr
Jeon,Mirinae,Female,phalfpennyk7@vk.com
Jeong,Mit-eum,Male,kpapenk8@meetup.com
Jae,Mindeulle,Female,mgabelk9@ucsd.edu
Cho,Ba-da,Unknown,jstrobanka@histats.com
Cha,Ba-ram,Unknown,ibutchardkb@un.org
Cheon,Beo-deul,Male,gblackwellkc@nba.com
Ha,Byeol,Female,schildeskd@instagram.com
Hwang,Byeol-bit,Female,rolkowiczke@ustream.tv
Dokgo,Byeol-ha,Unknown,ledmonstonkf@ed.gov
Don,Byeol-jji,Female,afellgatekg@photobucket.com
Dong,Bom,Female,lkeeltaghkh@dyndns.org
Dongbang,Bo-da,Female,kspittleki@linkedin.com
Du,Bo-ra,Female,ehandsheartkj@cdbaby.com
Deung,Bo-ram,Female,sdemeiskk@multiply.com
Deungjeong,Ba-ron,Unknown,keudallkl@columbia.edu
Ra,Ba-rom,Unknown,mcorstankm@yellowbook.com
Ran,Bo-reum,Female,ogoughkn@simplemachines.org
Rang,Bitgaram,Male,zbuddenko@cisco.com
Ryeo,Bit-na,Female,pnathonkp@paginegialle.it
Roh,Bitnara,Female,jwillingalekq@wikimedia.org
Roe,Bi,Female,vmcanultykr@csmonitor.com
Ryu,Sa-rang,Female,bbeigks@amazon.co.jp
Ree,Sandara,Female,fdurbannkt@yahoo.com
Rim,San-deul,Unknown,gscrowtonku@europa.eu
Ma,Saem,Male,mfeverkv@cisco.com
Sin,Saeroi,Male,bmcgarrellkw@flickr.com
Sim,Sae-ron,Female,kmallenkx@quantcast.com
An,Sae-rom,Female,hformky@sogou.com
Yang,Sae-byeok,Female,maitkenkz@smugmug.com
Yeo,Sae-yan,Female,lmaccoveneyl0@home.pl
Chu,Saet-byeol,Female,rottleyl1@ning.com
Jung,Saeng-geul,Unknown,cweaferl2@devhub.com
Chae,Som,Female,lwrennalll3@mashable.com
Choi,So-ra,Female,bcamierl4@sphinn.com
Choo,So-ri,Female,nmanntschkel5@army.mil
Phyo,Sol,Unknown,dlazelll6@un.org
Maeng,Song-yi,Female,karnholdtl7@themeforest.net
Myeong,Seul-ki,Female,rculverl8@rakuten.co.jp
Mo,Ah-ra,Female,aallottl9@amazon.de
Mok,Ah-ram,Female,dbellordla@friendfeed.com
Myo,Ah-rong,Female,apiquardlb@facebook.com
Mu,Ah-reum,Female,ahandforthlc@google.com
Mubon,Ah-ri,Female,mraglesld@msn.com
Muk,Arisol,Female,mgellatelyle@acquirethisname.com
Mun,Yoon-seul,Unknown,zcraigslf@photobucket.com
Mi,Yeo-reum,Female,vpeverelllg@yahoo.com
Min,Yeo-wool,Female,ltappinlh@globo.com
Bak,Yerina,Female,mkollatschli@nih.gov
Ban,Ye-seul,Female,eguyerslj@dot.gov
Bang,On,Unknown,nbarracloughlk@timesonline.co.uk
Bae,Woo-ram,Male,msinnatll@twitter.com
Baek,Woo-ri,Unknown,sfallenlm@archive.org
Byeon,Eu-tteum,Unknown,dferreyln@army.mil
Bong,Yi-re,Female,apawlelo@bloglines.com
Bu,Yiroun,Male,hollertonlp@skyrock.com
Sa,Yiruda,Unknown,aaylenlq@umn.edu
Seo,Yiruri,Female,afernielr@canalblog.com
Seok,Yi-seul,Female,aspinellols@plala.or.jp
Seon,Ja-ram,Unknown,bgoldringlt@fema.gov
Seol,Jan-di,Female,agrixlu@baidu.com
Seong,Jo-eun,Female,echapellelv@theglobeandmail.com
So,Chaoreum,Male,dsignorelw@newsvine.com
Son,Cho-rong,Female,joleahylx@desdev.cn
Song,Cho-neul,Unknown,cmonnoyerly@europa.eu
Ga,Pu-reun,Unknown,eknibbslz@odnoklassniki.ru
Gan,Pu-reum,Unknown,zfishpondm0@trellian.com
Gal,Ha-na,Female,mairthm1@youtube.com
Gam,Ha-neul,Unknown,ibriattm2@answers.com
Gang,Ha-nui,Female,ghisem3@wikispaces.com
Gyeon,Ha-da,Unknown,lbatchellorm4@hibu.com
Gyeong,Ha-ram,Unknown,rcrosskillm5@nasa.gov
Gye,Ha-ru,Unknown,mjanikm6@wired.com
Go,Ha-seul,Unknown,ggiraudotm7@w3.org
Gok,Ha-yan,Unknown,tflippinim8@hatena.ne.jp
Gong,Hayana,Female,cchattelainem9@slate.com
Gwak,Hayera,Female,pmelonbyma@bizjournals.com
Gwan,Han-gyeol,Male,klundmb@wp.com
Gyo,Han-gil,Male,aroemc@twitter.com
Gu,Han-byul,Unknown,egowriemd@cbslocal.com
Guk,Han-saem,Unknown,gdonnellme@howstuffworks.com
Gung,Han-wool,Unknown,mstillwellmf@altervista.org
Gwok,Hae-rang,Female,lstrangewaysmg@symantec.com
Gwon,Haeoreum,Male,agonthardmh@google.nl
Geun,Haet-nim,Female,jtwohigmi@deliciousdays.com
Geum,Haet-sal,Female,ggasnellmj@ycombinator.com
Gi,Haet-bit,Female,ldaniellotmk@icq.com
Gil,Hye-yum,Female,gpreedyml@globo.com
Kim,Him-chan,Male,mmcclunemm@dell.com
Eom,Maruhan,Male,emacgiffinmn@earthlink.net
Han,Saem-na,Female,jbrumhammo@studiopress.com
Heo,Onnuri,Female,aguaremp@jugem.jp
Hyeon,Eun-byul,Female,amacveymq@list-manage.com
Hong,Eun-bi,Female,lfowellsmr@wp.com
Nam,Eun-saem,Female,vmedleyms@nifty.com
Namgung,Channuri,Male,dlansdownmt@tripod.com
Yeon,Hanarin,Female,kclementmu@dell.com
Yeom,Hannuri,Unknown,abaynsmv@walmart.com
Ye,Ga-young,Female,pkemetzmw@cnn.com
O,Kang-min,Male,daslottmx@digg.com
Ok,Kyung-gu,Male,rbartlesmy@dailymotion.com
Wang,Kyung-lim,Unknown,mgaunsonmz@furl.net
Yong,Kyung-mo,Male,dsweatlandn0@slashdot.org
U,Kyung-wan,Unknown,fluipoldn1@posterous.com
Won,Kyung-taek,Male,sbenettellin2@yellowbook.com
Wi,Kwang-jo,Male,aleguayn3@joomla.org
Yu,Na-young,Female,jmullinsn4@gnu.org
Yuk,Nam-kyu,Male,bparkn5@spotify.com
Yun,Nam-sun,Unknown,hredgroven6@diigo.com
Eun,Deok-su,Male,hsollisn7@oaic.gov.au
Lee,Dong-gun,Male,dlebbonn8@elpais.com
In,Mu-yeol,Male,koxenburyn9@opensource.org
Lim,Mu-young,Male,cyearnena@facebook.com
Jang,Mi-ran,Female,lkirkbynb@washingtonpost.com
Jeon,Mi-rae,Female,edumphreync@prnewswire.com
Jeong,Min-seo,Female,gbernaciaknd@yandex.ru
Jae,Byung-hun,Male,chaydenne@cloudflare.com
Cho,Seong-han,Male,ngimbrettnf@tumblr.com
Cha,Sook-ja,Female,chuonicng@washington.edu
Cheon,Seung-heon,Male,cchelamnh@tripadvisor.com
Ha,Ae-jung,Female,alorraineni@comcast.net
Hwang,Yeo-jin,Female,hklaggenj@bbb.org
Dokgo,Young-shin,Unknown,scordeironk@hugedomains.com
Don,Young-ae,Female,kcavetnl@thetimes.co.uk
Dong,Oh-seong,Male,fswatradgenm@multiply.com
Dongbang,Yo-han,Male,gbonseynn@nba.com
Du,Yu-ri,Female,bszachno@google.nl
Deung,Eun-chae,Female,afittesnp@psu.edu
Deungjeong,Eunhasu,Female,gcecerenq@yahoo.com
Ra,Yi-kyung,Female,nbetjenr@latimes.com
Ran,Yi-soo,Male,nbaldonins@ucoz.ru
Rang,Il-sung,Male,ksprowellnt@unesco.org
Ryeo,Ja-kyung,Unknown,ggodinnu@google.com.hk
Roh,Jang-mi,Female,rruggierinv@cisco.com
Roe,Jae-gyu,Unknown,rwixeynw@sciencedaily.com
Ryu,Jae-beom,Male,akerrnx@omniture.com
Ree,Jae-seop,Male,dnorquayny@seesaa.net
Rim,Jae-shin,Unknown,mhoundsomnz@alibaba.com
Ma,Jae-in,Unknown,mbellangero0@businessinsider.com
Sin,Ji-hae,Unknown,aheinero1@gravatar.com
Sim,Chul-soon,Male,aweedeno2@gmpg.org
An,Chi-won,Male,jmoraledao3@sbwire.com
Yang,Hyun-seung,Male,csango4@qq.com
Yeo,Hye-rin,Female,mdelguao5@addtoany.com
Chu,Hye-rim,Female,mwhetnallo6@printfriendly.com
Jung,Gun,Male,sricsono7@csmonitor.com
Chae,Kwang,Male,vbunfordo8@hud.gov
Choi,Ran,Female,osearsbyo9@springer.com
Choo,Lee,Unknown,scundyoa@hao123.com
Phyo,Lin,Female,citzkovwitchob@parallels.com
Maeng,Sang,Unknown,trubinovicioc@gizmodo.com
Myeong,Seol,Female,mpeadod@123-reg.co.uk
Mo,Seong,Unknown,ecarmenoe@nbcnews.com
Mok,Woong,Male,edrackfordof@rediff.com
Myo,Eun,Unknown,wcarlingog@mail.ru
Mu,Jae,Unknown,lsheardsoh@epa.gov
Mubon,Ji,Unknown,nlanahanoi@go.com
Muk,Jin,Unknown,lmcmyleroj@t.co
Mun,Chan,Male,vbolsteridgeok@fotki.com
Mi,Chul,Male,csimpkinsol@cnet.com
Min,Hyuk,Male,bdictusom@admin.ch
Bak,Hyun,Unknown,tscamadineon@amazon.de
Ban,Ho,Male,nthurbyoo@is.gd
Bang,Hoon,Male,abutop@unicef.org
Bae,Ga-ram,Unknown,jcockshutoq@ovh.net
Baek,Ga-eul,Female,ksinkinsonor@thetimes.co.uk
Byeon,Gyeo-wool,Unknown,ccromeos@webnode.com
Bong,Go-eun,Female,jventhamot@w3.org
Bu,Gu-reum,Female,bbrentnallou@sphinn.com
Sa,Gu-seul,Female,jcaskieov@hatena.ne.jp
Seo,Geu-roo,Unknown,elynthalow@xrea.com
Seok,Gi-ppeum,Female,bfosdikeox@twitpic.com
Seon,Kkot,Female,boconcannonoy@shutterfly.com
Seol,Na-gil,Male,bdenziloeoz@admin.ch
Seong,Na-ra,Female,ehanhardp0@dyndns.org
So,Narabit,Unknown,gdallowp1@examiner.com
Son,Narauram,Male,mstanyardp2@eepurl.com
Song,Na-rae,Female,amilchp3@sfgate.com
Ga,Na-ri,Female,rcosserp4@artisteer.com
Gan,Na-moo,Unknown,pkrookp5@sitemeter.com
Gal,Na-bom,Female,alackyp6@imgur.com
Gam,Na-bi,Female,dmullinsp7@netlog.com
Gang,Na-bit,Female,ucroyserp8@upenn.edu
Gyeon,Na-eol,Male,amccrannp9@dailymail.co.uk
Gyeong,Na-byeol,Female,mseidepa@cbc.ca
Gye,No-eul,Unknown,rcopelandpb@upenn.edu
Go,Noo-ri,Unknown,qghiraldipc@webmd.com
Gok,Da-rae,Female,zmackiewiczpd@aol.com
Gong,Da-som,Female,jbaldettipe@paginegialle.it
Gwak,Da-son,Unknown,cplypf@tiny.cc
Gwan,Dasoni,Unknown,dtripepg@discuz.net
Gyo,Dasol,Female,gpautardph@wsj.com
Gu,Da-woon,Male,dhindsbergpi@google.pl
Guk,Dan-bi,Female,adouldenpj@ted.com
Gung,Dan-a,Female,fferaghpk@smh.com.au
Gwok,Dal,Unknown,apottingerpl@networksolutions.com
Gwon,Dal-rae,Female,smennellpm@geocities.jp
Geun,Dam-bi,Female,phopferpn@narod.ru
Geum,Du-ri,Unknown,ksigsworthpo@netscape.com
Gi,Ra-on,Female,jtampenpp@wisc.edu
Gil,Ra-woom,Female,ibuggypq@about.me
Kim,Ru-da,Female,hraubenheimpr@wikispaces.com
Eom,Ru-ri,Female,cdamrellps@yellowbook.com
Han,Ma-ri,Female,lbethelpt@sfgate.com
Heo,Ma-eum,Female,rduchampu@google.it
Hyeon,Meari,Female,pgoschalkpv@seesaa.net
Hong,Mi-reu,Unknown,mhirchepw@etsy.com
Nam,Mirinae,Female,mbendleypx@domainmarket.com
Namgung,Mit-eum,Male,joverstonepy@nydailynews.com
Yeon,Mindeulle,Female,gcastanyerpz@washington.edu
Yeom,Ba-da,Unknown,jfearneq0@theglobeandmail.com
Ye,Ba-ram,Unknown,cdunawayq1@washington.edu
O,Beo-deul,Male,tandreoneq2@pbs.org
Ok,Byeol,Female,lbortolomeiq3@mayoclinic.com
Wang,Byeol-bit,Female,rlattimerq4@japanpost.jp
Yong,Byeol-ha,Unknown,bmcfadyenq5@squidoo.com
U,Byeol-jji,Female,twainwrightq6@live.com
Won,Bom,Female,raleshkovq7@bbb.org
Wi,Bo-da,Female,obusswellq8@webeden.co.uk
Yu,Bo-ra,Female,abalfourq9@umn.edu
Yuk,Bo-ram,Female,jorgelqa@china.com.cn
Yun,Ba-ron,Unknown,dbarrickqb@github.com
Eun,Ba-rom,Unknown,aebbensqc@dell.com
Lee,Bo-reum,Female,bliggonsqd@cargocollective.com
In,Bitgaram,Male,rgowrieqe@go.com
Lim,Bit-na,Female,ctanserqf@chron.com
Jang,Bitnara,Female,bhrinchenkoqg@japanpost.jp
Jeon,Bi,Female,igerbelqh@reference.com
Jeong,Sa-rang,Female,eclarksonqi@typepad.com
Jae,Sandara,Female,ssatterleeqj@yolasite.com
Cho,San-deul,Unknown,dlevisqk@liveinternet.ru
Cha,Saem,Male,crubiql@issuu.com
Cheon,Saeroi,Male,pmaleckqm@issuu.com
Ha,Sae-ron,Female,iolivaqn@altervista.org
Hwang,Sae-rom,Female,bmoncrefeqo@typepad.com
Dokgo,Sae-byeok,Female,ehaneyqp@tinyurl.com
Don,Sae-yan,Female,rgeeritsqq@seattletimes.com
Dong,Saet-byeol,Female,ndelaceyqr@mac.com
Dongbang,Saeng-geul,Unknown,glegerqs@abc.net.au
Du,Som,Female,gmulreanqt@telegraph.co.uk
Deung,So-ra,Female,dbrisbanequ@cornell.edu
Deungjeong,So-ri,Female,jnorthenqv@ycombinator.com
Ra,Sol,Unknown,ahabbemaqw@yahoo.co.jp
Ran,Song-yi,Female,bambergqx@squarespace.com
Rang,Seul-ki,Female,dgalfourqy@cbc.ca
Ryeo,Ah-ra,Female,cferryqz@java.com
Roh,Ah-ram,Female,tcavillar0@weibo.com
Roe,Ah-rong,Female,sdrancer1@google.fr
Ryu,Ah-reum,Female,hcuvleyr2@eepurl.com
Ree,Ah-ri,Female,egraffhamr3@google.fr
Rim,Arisol,Female,opauleyr4@sohu.com
Ma,Yoon-seul,Unknown,fpohlsr5@shinystat.com
Sin,Yeo-reum,Female,alimeburnerr6@miitbeian.gov.cn
Sim,Yeo-wool,Female,cfleemanr7@nasa.gov
An,Yerina,Female,afendlenr8@themeforest.net
Yang,Ye-seul,Female,thousleyr9@google.com.au
Yeo,On,Unknown,kunsworthra@diigo.com
Chu,Woo-ram,Male,pcahenrb@nih.gov
Jung,Woo-ri,Unknown,sdominikrc@histats.com
Chae,Eu-tteum,Unknown,kleafrd@aol.com
Choi,Yi-re,Female,bgoveyre@sohu.com
Choo,Yiroun,Male,nhinzerrf@boston.com
Phyo,Yiruda,Unknown,cmcdavidrg@scribd.com
Maeng,Yiruri,Female,cellarrh@abc.net.au
Myeong,Yi-seul,Female,lfoulgerri@furl.net
Mo,Ja-ram,Unknown,mrobberj@github.io
Mok,Jan-di,Female,cmilbyrk@hao123.com
Myo,Jo-eun,Female,chamblynrl@umich.edu
Mu,Chaoreum,Male,aflemingrm@oracle.com
Mubon,Cho-rong,Female,avarrenrn@prweb.com
Muk,Cho-neul,Unknown,hchaffynro@sohu.com
Mun,Pu-reun,Unknown,amcalpinrp@simplemachines.org
Mi,Pu-reum,Unknown,csmailsrq@posterous.com
Min,Ha-na,Female,mfurneauxrr@dot.gov
,,,
,,,
,,,
,,,
,,,
,,,
,,,
,,,
,,,
,,,
,,,
,,,
,,,
,,,
,,,
,,,
,,,
,,,
,,,
,,,
,,,
,,,
,,,
,,,
,,,
,,,
,,,
,,,
,,,
,,,
