Bui,Ai,Female,hsikorsky0@bbc.co.uk
Cam,Am,Female,mhammerich1@webnode.com
Can,An,Female,smaccolgan2@printfriendly.com
Cao,An,Male,krawlin3@fc2.com
Chan,An Dung,Male,cbewsey4@apache.org
Thi,Anh,Female,gsyddall5@alibaba.com
Thong,Ba,Male,vcasaletto6@spiegel.de
Tian,Bao,Male,driggoll7@stanford.edu
Tien,Bay,Male,dkabisch8@diigo.com
Tieu,Be,Female,cbrennenstuhl9@yelp.com
To,Bian,Female,afearnsa@skyrock.com
Ton,Bianh,Male,dsundinb@soup.io
Trach,Bich,Female,aglanfieldc@statcounter.com
Au,Binh,Male,aeburahd@loc.gov
Ba,Buu,Male,ebottee@slideshare.net
Banh,C“ng,Male,dhelderf@whitehouse.gov
Bi,Ca,Female,dcuffeg@smugmug.com
Bien,Ca,Male,chyamsh@networkadvertising.org
Bo,Cadeo,Male,lpascowi@wordpress.org
Chau,Cai,Female,bluckcuckj@scribd.com
Che,Cam,Female,cvandijkk@icq.com
Chiem,Chau,Female,kjermyl@smugmug.com
Chuong,Chi,Female,kjiruchm@upenn.edu
Co,Chien,Male,vkleinsteinn@bing.com
Cong,Chinh,Male,bandriolettio@google.cn
Dai,Cuc,Female,hgordenp@360.cn
Dam,Cuong,Male,pbooelnq@infoseek.co.jp
Dan,Dai,Male,bkinnardr@ebay.com
Dang,Danh,Male,msorrels@yellowpages.com
Danh,Dep,Female,sstquentint@wiley.com
Dao,Dinh,Male,alagesu@google.com.hk
Dau,Dong,Male,dtaffsv@slate.com
Diep,Duc,Male,fpereiraw@nhs.uk
Dieu,Dung,Male,acapponeerx@ow.ly
Dinh,Duong,Male,tmcdually@youtu.be
Dinn,Duy,Male,imargeramz@51.la
Do,Gia,Male,mshrieve10@1688.com
Doan,H•ng,Female,jchessill11@ow.ly
Don,Ha,Female,coheneghan12@moonfruit.com
Dong,Ha,Male,wlavigne13@technorati.com
Du,Hai,Female,sstrute14@reddit.com
Dung,Hai,Male,gcoorington15@salon.com
Duong,Hang,Female,drosie16@slashdot.org
Giang,Hanh,Female,chadwick17@mac.com
Cong,Hao,Female,gelcock18@msu.edu
Dai,Hao,Male,farbuckle19@unblog.fr
Dam,Hiˆ£,Male,bmatevosian1a@phpbb.com
Dan,Hien,Female,bwyss1b@buzzfeed.com
Dang,Hien,Male,mpescod1c@edublogs.org
Danh,Hieu,Male,hmcskin1d@mac.com
Dao,Hoa,Female,ivannar1e@dailymail.co.uk
Dau,Hoang,Male,swanka1f@netvibes.com
Diep,Hoc,Male,vesson1g@dmoz.org
Dieu,Hue,Female,jhuckle1h@nbcnews.com
Dinh,Hung,Male,sebertz1i@salon.com
Dinn,Huong,Female,gcawood1j@upenn.edu
Do,Huu,Male,dhush1k@shop-pro.jp
Doan,Huy,Male,jtydd1l@google.pl
Don,Huynh,Male,gvannacci1m@microsoft.com
Dong,Hwa,Female,cbabbs1n@google.cn
Du,Hy,Male,rfranchi1o@yellowbook.com
Dung,Hyunh,Female,nmurdy1p@webs.com
Duong,Kim,Female,bgoakes1q@loc.gov
Giang,Kim,Male,rpetera1r@narod.ru
Ha,Kim Cuc,Female,sarnely1s@shinystat.com
Hai,Kim-ly,Female,pchoupin1t@tripadvisor.com
Hang,L…nh,Male,hgudyer1u@ow.ly
Hau,Lam,Male,nstearnes1v@smh.com.au
Ho,Lan,Female,mhultberg1w@webs.com
Hoang,Lang,Female,asedgemore1x@cafepress.com
Hua,Lap,Male,npflieger1y@networksolutions.com
Hue,Le,Female,htwydell1z@posterous.com
Huynh,Le,Male,hdeniso20@craigslist.org
Hy,Lien,Female,lstopps21@marriott.com
Kha,Linh,Female,ddyter22@pinterest.com
Khong,Long,Male,bpennini23@archive.org
Khuu,Mai,Female,mingerith24@latimes.com
Kien,Minh,Male,nbelliard25@mapquest.com
Kieu,My,Female,ctrump26@free.fr
Ky,My-Duyen,Female,mdenecamp27@globo.com
La,Mychau,Female,mciccarelli28@salon.com
Lac,Nam,Male,llangdridge29@reuters.com
Lai,Ngai,Male,mblonfield2a@ucoz.com
Lam,Nghi,Male,kbellson2b@mit.edu
Lang,Nghia,Male,belcy2c@nytimes.com
Lavan,Ngoc,Female,emartinez2d@4shared.com
Le,Ngoc Bich,Female,mminchella2e@people.com.cn
Lien,Ngon,Female,hmonck2f@goo.ne.jp
Lieu,Ngu,Male,ikarlik2g@blogspot.com
Lo,Nguyen,Female,ldaingerfield2h@bing.com
Loi,Nguyen,Male,atrivett2i@liveinternet.ru
Luc,Nguyet,Female,rslafford2j@sciencedirect.com
Luong,Nhan,Male,ningall2k@marriott.com
Luu,Nhu,Female,mvanhalle2l@studiopress.com
Ly,Nhung,Female,rcalam2m@dyndns.org
Mac,Nhung,Male,aeidler2n@eventbrite.com
Mach,Nien,Male,mwoodburne2o@chron.com
Mai,Nu,Female,tcouvet2p@1und1.de
Minh,Phong,Male,edineen2q@ftc.gov
Kha,Phoung,Female,ahudspith2r@goo.ne.jp
Khong,Phuc,Male,pliff2s@google.com.hk
Khuu,Phuoc,Male,astanway2t@cmu.edu
Kien,Phuok,Male,sscamerdine2u@yale.edu
Kieu,Phuong,Both,spostle2v@tinypic.com
Ky,Phuong,Female,plockart2w@cloudflare.com
La,Pin,Male,mtinsley2x@free.fr
Lac,Ping,Female,aewles2y@dmoz.org
Lai,Quan,Male,zkirwood2z@ning.com
Lam,Quang,Male,athredder30@hud.gov
Lang,Quoc,Male,lcochran31@usa.gov
Lavan,Quy,Female,gbalazs32@gravatar.com
Le,Quy,Male,vcraze33@spotify.com
Lien,Ritchell,Male,bskinley34@360.cn
Lieu,Sang,Female,cburgise35@ucsd.edu
Lo,Sang,Male,wpagitt36@so-net.ne.jp
Loi,Son,Male,bjeffry37@mapy.cz
Luc,T m,Male,ltart38@salon.com
Luong,Tai,Female,mvonderempten39@xrea.com
Luu,Tai,Male,cvandalen3a@instagram.com
Ly,Tam,Female,fcuseick3b@mac.com
Mac,Tam,Male,mberriman3c@gravatar.com
Mach,Tan,Male,cstrainge3d@bandcamp.com
Mai,Te•,Male,kchippendale3e@sbwire.com
Minh,Teo,Male,dspurling3f@cornell.edu
Nghiem,Tƒn,Male,jgrimwad3g@nps.gov
Ngo,Th i,Male,clampaert3h@yolasite.com
Ngu,Thai,Male,ggoede3i@arstechnica.com
Nguy,Thang,Male,hsute3j@usgs.gov
Nguyen,Thanh,Female,ktacker3k@reference.com
Nhan,Thanh,Male,rruos3l@live.com
Nzuyen,Thao,Female,tnorcliff3m@ucsd.edu
On,Thao,Male,ihawket3n@deviantart.com
Ong,Thi,Female,jandrick3o@cnbc.com
Pham,Thian,Male,rberriball3p@spiegel.de
Phan,Thien,Male,spraundl3q@whitehouse.gov
Phang,Thinh,Male,dlambertazzi3r@youtu.be
Pho,Thu,Female,imonahan3s@gizmodo.com
Phong,Thu an,Male,gshevlan3t@nih.gov
Phu,Thuc,Male,fdemoreno3u@apache.org
Phung,Thuy,Female,ccottey3v@jiathis.com
Phuong,Ti,Female,kbramble3w@weibo.com
Quach,Tien,Female,dkorfmann3x@adobe.com
Quang,Tin,Male,mbutner3y@usgs.gov
Su,Tinh,Male,ujanusik3z@microsoft.com
Ta,Toan,Male,chovenden40@latimes.com
Tang,Tong,Male,kgrooby41@wikimedia.org
Tat,Tr£uc,Female,dancell42@weather.com
Thach,Tr£uc,Male,ocastanaga43@reuters.com
Thai,Trai,Male,ycolaco44@over-blog.com
Nhan,Trang,Female,dtroyes45@addthis.com
Nzuyen,Trang,Male,rstygall46@example.com
On,Trinh,Female,ssand47@walmart.com
Ong,Trong,Male,lblomefield48@blogger.com
Pham,Truc,Female,jalison49@accuweather.com
Phan,Trung,Male,mparfrey4a@tamu.edu
Phang,Tu,Female,kbetteney4b@meetup.com
Pho,Tu,Male,osongust4c@nymag.com
Phong,Tu¢ng,Male,rtetsall4d@meetup.com
Phu,Tuan,Male,pregan4e@army.mil
Phung,Tung,Male,anovill4f@ifeng.com
Phuong,Tuyˆn,Female,mdrewes4g@bbc.co.uk
Quach,Tuyen,Female,mmilnthorpe4h@google.it
Quang,Tuyen,Male,mtatchell4i@youtu.be
Su,Tuyet,Female,jderrick4j@parallels.com
Ta,Ut,Female,dponnsett4k@cam.ac.uk
Tang,Van,Female,larmitage4l@hud.gov
Tat,Van,Male,rfulford4m@japanpost.jp
Thach,Vien,Male,ttiddy4n@who.int
Thai,Viet,Male,tferencowicz4o@yolasite.com
Tham,Vinh,Male,rtace4p@utexas.edu
Than,Xuan,Female,ctomovic4q@uol.com.br
Thang,Xuan,Male,btooke4r@howstuffworks.com
Thanh,Yen,Female,brao4s@dropbox.com
Tram,Ai,Female,asidary4t@51.la
Tran,Am,Female,dstollberg4u@vistaprint.com
Trang,An,Female,dtanner4v@cdbaby.com
Tri,An,Male,triccelli4w@bigcartel.com
Trieu,An Dung,Male,mfreake4x@cnet.com
Trinh,Anh,Female,gdemetz4y@microsoft.com
Tron,Ba,Male,kconnor4z@meetup.com
Troung,Bao,Male,askewes50@prnewswire.com
Truong,Bay,Male,malu51@exblog.jp
Tu,Be,Female,pmorstatt52@mayoclinic.com
Tuan,Bian,Female,esafe53@telegraph.co.uk
Ty,Bianh,Male,jgillanders54@deviantart.com
Van,Bich,Female,kbassford55@discuz.net
Vang,Binh,Male,fgutman56@list-manage.com
Vien,Buu,Male,mmorris57@ucoz.com
Vinh,C“ng,Male,ejosefson58@jimdo.com
Vo,Ca,Female,brettie59@facebook.com
Truong,Ca,Male,vroullier5a@uol.com.br
Tu,Cadeo,Male,fcawley5b@booking.com
Tuan,Cai,Female,ngianelli5c@odnoklassniki.ru
Ty,Cam,Female,avassar5d@nifty.com
Van,Chau,Female,kwoolatt5e@hc360.com
Vang,Chi,Female,dohannigan5f@amazon.com
Vien,Chien,Male,tseleway5g@miitbeian.gov.cn
Vinh,Chinh,Male,cpumphreys5h@wisc.edu
Vo,Cuc,Female,vsellens5i@joomla.org
Vong,Cuong,Male,msiene5j@vinaora.com
Voong,Dai,Male,hkellen5k@ycombinator.com
Vu,Danh,Male,bstimson5l@miibeian.gov.cn
Vuong,Dep,Female,rsherrington5m@google.cn
Bui,Dinh,Male,tkrugmann5n@redcross.org
Cam,Dong,Male,kremer5o@mozilla.org
Can,Duc,Male,echapiro5p@webnode.com
Cao,Dung,Male,kwohler5q@w3.org
Chan,Duong,Male,mdonnel5r@hatena.ne.jp
Thi,Duy,Male,jughi5s@aboutads.info
Thong,Gia,Male,ngoring5t@yahoo.co.jp
Tian,H•ng,Female,adoctor5u@nbcnews.com
Tien,Ha,Female,sbarwis5v@rediff.com
Tieu,Ha,Male,lridges5w@java.com
To,Hai,Female,smaffey5x@dion.ne.jp
Ton,Hai,Male,kshalders5y@mashable.com
Trach,Hang,Female,hmonnoyer5z@mac.com
Au,Hanh,Female,hharbor60@g.co
Ba,Hao,Female,vwein61@live.com
Banh,Hao,Male,aallsepp62@stanford.edu
Bi,Hiˆ£,Male,cjuszczyk63@fastcompany.com
Bien,Hien,Female,egives64@mysql.com
Bo,Hien,Male,mgullick65@ox.ac.uk
Chau,Hieu,Male,gleetham66@youtu.be
Che,Hoa,Female,gparoni67@dyndns.org
Chiem,Hoang,Male,aiskov68@yale.edu
Chuong,Hoc,Male,oskains69@dmoz.org
Co,Hue,Female,mkirsche6a@tiny.cc
Cong,Hung,Male,lpendered6b@usda.gov
Dai,Huong,Female,ladelberg6c@altervista.org
Dam,Huu,Male,vviner6d@pcworld.com
Dan,Huy,Male,gheineking6e@nih.gov
Dang,Huynh,Male,ilent6f@tinyurl.com
Danh,Hwa,Female,tjosuweit6g@cloudflare.com
Dao,Hy,Male,dmottini6h@feedburner.com
Dau,Hyunh,Female,oloyley6i@tmall.com
Diep,Kim,Female,odovidian6j@hao123.com
Dieu,Kim,Male,lbeekman6k@cyberchimps.com
Dinh,Kim Cuc,Female,nperse6l@hugedomains.com
Dinn,Kim-ly,Female,cpecht6m@dailymail.co.uk
Do,L…nh,Male,ybogart6n@quantcast.com
Doan,Lam,Male,sjedrzej6o@istockphoto.com
Don,Lan,Female,vjenking6p@shareasale.com
Dong,Lang,Female,bgowdy6q@patch.com
Du,Lap,Male,craysdale6r@jalbum.net
Dung,Le,Female,clumsdaine6s@comcast.net
Duong,Le,Male,mghio6t@oakley.com
Giang,Lien,Female,jconklin6u@freewebs.com
Cong,Linh,Female,apurvis6v@accuweather.com
Dai,Long,Male,gvallack6w@ezinearticles.com
Dam,Mai,Female,jringham6x@harvard.edu
Dan,Minh,Male,pchiswell6y@fc2.com
Dang,My,Female,gheinzler6z@wired.com
Danh,My-Duyen,Female,wdytham70@foxnews.com
Dao,Mychau,Female,sconnue71@tuttocitta.it
Dau,Nam,Male,dbearward72@php.net
Diep,Ngai,Male,nyeude73@youtu.be
Dieu,Nghi,Male,kincogna74@trellian.com
Dinh,Nghia,Male,pvanbrugh75@123-reg.co.uk
Dinn,Ngoc,Female,scannan76@bloglovin.com
Do,Ngoc Bich,Female,wperrelli77@typepad.com
Doan,Ngon,Female,ptwopenny78@people.com.cn
Don,Ngu,Male,dtewkesbury79@bluehost.com
Dong,Nguyen,Female,jporte7a@dot.gov
Du,Nguyen,Male,cgatecliff7b@ftc.gov
Dung,Nguyet,Female,mcaveill7c@diigo.com
Duong,Nhan,Male,sarrell7d@desdev.cn
Giang,Nhu,Female,dcoombes7e@comcast.net
Ha,Nhung,Female,dklezmski7f@etsy.com
Hai,Nhung,Male,kfenty7g@adobe.com
Hang,Nien,Male,dkeddey7h@nba.com
Hau,Nu,Female,ldayce7i@woothemes.com
Ho,Phong,Male,criatt7j@free.fr
Hoang,Phoung,Female,afew7k@un.org
Hua,Phuc,Male,bdaye7l@360.cn
Hue,Phuoc,Male,bfeldmark7m@pagesperso-orange.fr
Huynh,Phuok,Male,skettlestringes7n@w3.org
Hy,Phuong,Both,jjanusz7o@chronoengine.com
Kha,Phuong,Female,dwooller7p@blog.com
Khong,Pin,Male,zmcmanaman7q@nature.com
Khuu,Ping,Female,sjopson7r@twitpic.com
Kien,Quan,Male,dmacneilage7s@cyberchimps.com
Kieu,Quang,Male,lpatchett7t@bizjournals.com
Ky,Quoc,Male,ggenery7u@meetup.com
La,Quy,Female,aorme7v@nymag.com
Lac,Quy,Male,aartharg7w@nhs.uk
Lai,Ritchell,Male,nbeever7x@instagram.com
Lam,Sang,Female,cshoosmith7y@biglobe.ne.jp
Lang,Sang,Male,tklaiser7z@skype.com
Lavan,Son,Male,eguerriero80@npr.org
Le,T m,Male,cfarmery81@bbc.co.uk
Lien,Tai,Female,aburkart82@imdb.com
Lieu,Tai,Male,aphilbin83@sciencedaily.com
Lo,Tam,Female,ccourtonne84@ehow.com
Loi,Tam,Male,lnollet85@yellowpages.com
Luc,Tan,Male,beckford86@reuters.com
Luong,Te•,Male,awaryk87@wikispaces.com
Luu,Teo,Male,lbraben88@nbcnews.com
Ly,Tƒn,Male,tklemenz89@nba.com
Mac,Th i,Male,ccleyne8a@umich.edu
Mach,Thai,Male,vpughsley8b@zdnet.com
Mai,Thang,Male,dsymcox8c@icq.com
Minh,Thanh,Female,gsorbey8d@blog.com
Kha,Thanh,Male,vzannelli8e@toplist.cz
Khong,Thao,Female,rbenedicte8f@bing.com
Khuu,Thao,Male,rpenwright8g@redcross.org
Kien,Thi,Female,rbrenneke8h@nature.com
Kieu,Thian,Male,clovatt8i@php.net
Ky,Thien,Male,ckarpe8j@blog.com
La,Thinh,Male,ahendrickx8k@mozilla.com
Lac,Thu,Female,cgaenor8l@cnbc.com
Lai,Thu an,Male,pgeipel8m@posterous.com
Lam,Thuc,Male,cchalcot8n@booking.com
Lang,Thuy,Female,jswatridge8o@vk.com
Lavan,Ti,Female,ehockey8p@cornell.edu
Le,Tien,Female,asutliff8q@webeden.co.uk
Lien,Tin,Male,dsimonassi8r@facebook.com
Lieu,Tinh,Male,lridgwell8s@addthis.com
Lo,Toan,Male,jcroxall8t@comsenz.com
Loi,Tong,Male,gbraunroth8u@google.pl
Luc,Tr£uc,Female,equin8v@samsung.com
Luong,Tr£uc,Male,edanielian8w@vistaprint.com
Luu,Trai,Male,gstanyer8x@360.cn
Ly,Trang,Female,mkiljan8y@wp.com
Mac,Trang,Male,amullaly8z@webs.com
Mach,Trinh,Female,snassey90@theguardian.com
Mai,Trong,Male,cmilbourne91@plala.or.jp
Minh,Truc,Female,shemphill92@upenn.edu
Nghiem,Trung,Male,iather93@google.pl
Ngo,Tu,Female,lcoole94@alexa.com
Ngu,Tu,Male,gdummett95@yandex.ru
Nguy,Tu¢ng,Male,ehand96@chicagotribune.com
Nguyen,Tuan,Male,aboatman97@over-blog.com
Nhan,Tung,Male,echurm98@harvard.edu
Nzuyen,Tuyˆn,Female,aniave99@e-recht24.de
On,Tuyen,Female,ehartnup9a@yandex.ru
Ong,Tuyen,Male,ngodmar9b@yelp.com
Pham,Tuyet,Female,ndevile9c@netlog.com
Phan,Ut,Female,bcasaccio9d@weebly.com
Phang,Van,Female,agatus9e@ftc.gov
Pho,Van,Male,mlebarr9f@wikia.com
Phong,Vien,Male,nwhittet9g@bravesites.com
Phu,Viet,Male,jgrute9h@prlog.org
Phung,Vinh,Male,emoreno9i@icio.us
Phuong,Xuan,Female,hscay9j@blog.com
Quach,Xuan,Male,someara9k@pcworld.com
Quang,Yen,Female,dmaken9l@vk.com
Su,Ai,Female,nhurrion9m@msu.edu
Ta,Am,Female,qlinebarger9n@google.it
Tang,An,Female,bliccardi9o@webmd.com
Tat,An,Male,mglendinning9p@nature.com
Thach,An Dung,Male,mconry9q@ox.ac.uk
Thai,Anh,Female,rwarden9r@slideshare.net
Nhan,Ba,Male,fdallosso9s@yandex.ru
Nzuyen,Bao,Male,wpothbury9t@twitter.com
On,Bay,Male,dbanaszewski9u@bluehost.com
Ong,Be,Female,bcaddies9v@technorati.com
Pham,Bian,Female,kputman9w@princeton.edu
Phan,Bianh,Male,jjelks9x@reddit.com
Phang,Bich,Female,sjohnstone9y@time.com
Pho,Binh,Male,zpocklington9z@biblegateway.com
Phong,Buu,Male,coatesa0@upenn.edu
Phu,C“ng,Male,bvazqueza1@tumblr.com
Phung,Ca,Female,ebeveridgea2@ca.gov
Phuong,Ca,Male,jmulkerrinsa3@cmu.edu
Quach,Cadeo,Male,dernshawa4@foxnews.com
Quang,Cai,Female,mramireza5@barnesandnoble.com
Su,Cam,Female,pstockneya6@digg.com
Ta,Chau,Female,alorda7@hatena.ne.jp
Tang,Chi,Female,dbulteela8@rambler.ru
Tat,Chien,Male,rferresa9@blog.com
Thach,Chinh,Male,ckropachaa@earthlink.net
Thai,Cuc,Female,rbirthab@independent.co.uk
Tham,Cuong,Male,alillowac@mail.ru
Than,Dai,Male,awillockad@cisco.com
Thang,Danh,Male,gformoyae@techcrunch.com
Thanh,Dep,Female,rcatchersideaf@tinypic.com
Tram,Dinh,Male,akilgannonag@blogger.com
Tran,Dong,Male,dyansonah@umich.edu
Trang,Duc,Male,cpitkinai@bizjournals.com
Tri,Dung,Male,fwallachaj@goo.ne.jp
Trieu,Duong,Male,gandrivotak@purevolume.com
Trinh,Duy,Male,kdourisal@abc.net.au
Tron,Gia,Male,gvancasselam@adobe.com
Troung,H•ng,Female,bgorgenan@imageshack.us
Truong,Ha,Female,zjappao@narod.ru
Tu,Ha,Male,kfrogleyap@discuz.net
Tuan,Hai,Female,pescolmeaq@list-manage.com
Ty,Hai,Male,atattonar@elpais.com
Van,Hang,Female,ljackalinas@diigo.com
Vang,Hanh,Female,bhedauat@amazonaws.com
Vien,Hao,Female,gfishbyau@slideshare.net
Vinh,Hao,Male,ilanneyav@dropbox.com
Vo,Hiˆ£,Male,scranchaw@squarespace.com
Truong,Hien,Female,kthomblesonax@alibaba.com
Tu,Hien,Male,drichardesay@yellowpages.com
Tuan,Hieu,Male,htuminelliaz@unblog.fr
Ty,Hoa,Female,mgaenorb0@craigslist.org
Van,Hoang,Male,vdaouseb1@plala.or.jp
Vang,Hoc,Male,kbakeb2@upenn.edu
Vien,Hue,Female,atrunksb3@pcworld.com
Vinh,Hung,Male,mrastallb4@mit.edu
Vo,Huong,Female,prochesb5@discovery.com
Vong,Huu,Male,bjeryb6@drupal.org
Voong,Huy,Male,jdolbeyb7@hexun.com
Vu,Huynh,Male,llinsterb8@cam.ac.uk
Vuong,Hwa,Female,mmonckmanb9@google.com
Bui,Hy,Male,vtrainerba@homestead.com
Cam,Hyunh,Female,hhallinbb@newyorker.com
Can,Kim,Female,lhodginsbc@4shared.com
Cao,Kim,Male,jzinibd@shinystat.com
Chan,Kim Cuc,Female,clovedaybe@ning.com
Thi,Kim-ly,Female,mtupiebf@nps.gov
Thong,L…nh,Male,rchurlybg@apple.com
Tian,Lam,Male,kcoolingbh@symantec.com
Tien,Lan,Female,eknockerbi@gnu.org
Tieu,Lang,Female,pmatiebebj@mlb.com
To,Lap,Male,edorewardbk@indiatimes.com
Ton,Le,Female,gsancroftbl@discuz.net
Trach,Le,Male,zbroebm@people.com.cn
Au,Lien,Female,amancebn@google.com.au
Ba,Linh,Female,coconorbo@discovery.com
Banh,Long,Male,cbostonbp@cnet.com
Bi,Mai,Female,ymavingbq@jimdo.com
Bien,Minh,Male,eguntripbr@ucoz.com
Bo,My,Female,rpryorbs@phoca.cz
Chau,My-Duyen,Female,fgodwynbt@homestead.com
Che,Mychau,Female,drotherybu@gizmodo.com
Chiem,Nam,Male,sgannicleffbv@miitbeian.gov.cn
Chuong,Ngai,Male,hcrankbw@nifty.com
Co,Nghi,Male,lmatteaubx@webnode.com
Cong,Nghia,Male,rgatcliffby@issuu.com
Dai,Ngoc,Female,eboakesbz@home.pl
Dam,Ngoc Bich,Female,rritsonc0@bbb.org
Dan,Ngon,Female,fvardeyc1@homestead.com
Dang,Ngu,Male,hmcdellc2@adobe.com
Danh,Nguyen,Female,amauricec3@hao123.com
Dao,Nguyen,Male,gkearfordc4@un.org
Dau,Nguyet,Female,efellowsc5@stumbleupon.com
Diep,Nhan,Male,tbalcombec6@army.mil
Dieu,Nhu,Female,rboylandc7@elpais.com
Dinh,Nhung,Female,sthechamc8@twitter.com
Dinn,Nhung,Male,msantic9@odnoklassniki.ru
Do,Nien,Male,kclewarthca@naver.com
Doan,Nu,Female,ksenettcb@gnu.org
Don,Phong,Male,pbaggscc@mlb.com
Dong,Phoung,Female,cdiggescd@yahoo.co.jp
Du,Phuc,Male,rmordence@amazon.co.jp
Dung,Phuoc,Male,lkeemscf@imgur.com
Duong,Phuok,Male,fperilliocg@stumbleupon.com
Giang,Phuong,Both,rserverch@digg.com
Cong,Phuong,Female,mparnallci@furl.net
Dai,Pin,Male,ggantercj@comsenz.com
Dam,Ping,Female,cferraresick@cmu.edu
Dan,Quan,Male,jzuenellicl@mlb.com
Dang,Quang,Male,sshortocm@barnesandnoble.com
Danh,Quoc,Male,mlangeleycn@wordpress.org
Dao,Quy,Female,thilandco@nydailynews.com
Dau,Quy,Male,jpirazzicp@trellian.com
Diep,Ritchell,Male,mtrowsdalecq@fotki.com
Dieu,Sang,Female,twigglesworthcr@hubpages.com
Dinh,Sang,Male,gskacecs@shop-pro.jp
Dinn,Son,Male,vrobilliardct@mysql.com
Do,T m,Male,vspeendencu@vinaora.com
Doan,Tai,Female,skuhnhardtcv@disqus.com
Don,Tai,Male,gvonweldencw@networksolutions.com
Dong,Tam,Female,dlittletoncx@soup.io
Du,Tam,Male,zgrascy@t-online.de
Dung,Tan,Male,rminmaghcz@yelp.com
Duong,Te•,Male,bgoftond0@chronoengine.com
Giang,Teo,Male,mpieruccid1@4shared.com
Ha,Tƒn,Male,naspinwalld2@uiuc.edu
Hai,Th i,Male,jnorcrossd3@nsw.gov.au
Hang,Thai,Male,bduerdind4@wired.com
Hau,Thang,Male,dlanghamd5@state.gov
Ho,Thanh,Female,cdoodsond6@nsw.gov.au
Hoang,Thanh,Male,mdowneyd7@squidoo.com
Hua,Thao,Female,pshuted8@fda.gov
Hue,Thao,Male,nswateridged9@g.co
Huynh,Thi,Female,rsnadenda@samsung.com
Hy,Thian,Male,bharborowdb@bravesites.com
Kha,Thien,Male,edomenichinidc@telegraph.co.uk
Khong,Thinh,Male,cmackdd@bloomberg.com
Khuu,Thu,Female,adaintreyde@bluehost.com
Kien,Thu an,Male,rdennissdf@marriott.com
Kieu,Thuc,Male,lacresdg@foxnews.com
Ky,Thuy,Female,cnewlyndh@de.vu
La,Ti,Female,emactavishdi@amazon.com
Lac,Tien,Female,fjarnelldj@washingtonpost.com
Lai,Tin,Male,pcasemoredk@blinklist.com
Lam,Tinh,Male,pdibdindl@google.ru
Lang,Toan,Male,hdibatistadm@vk.com
Lavan,Tong,Male,jplankdn@phoca.cz
Le,Tr£uc,Female,sdanceydo@sohu.com
Lien,Tr£uc,Male,hyakobdp@reverbnation.com
Lieu,Trai,Male,eedensordq@1688.com
Lo,Trang,Female,hblairdr@indiatimes.com
Loi,Trang,Male,sgledhallds@newyorker.com
Luc,Trinh,Female,wnicelydt@exblog.jp
Luong,Trong,Male,rclivedu@hubpages.com
Luu,Truc,Female,mohanessiandv@home.pl
Ly,Trung,Male,rbettridgedw@ask.com
Mac,Tu,Female,ncrockleydx@prlog.org
Mach,Tu,Male,smortlockdy@constantcontact.com
Mai,Tu¢ng,Male,tallonbydz@chronoengine.com
Minh,Tuan,Male,jraftere0@plala.or.jp
Kha,Tung,Male,whealease1@usatoday.com
Khong,Tuyˆn,Female,clafoye2@ft.com
Khuu,Tuyen,Female,feleye3@nydailynews.com
Kien,Tuyen,Male,edzeniskeviche4@flavors.me
Kieu,Tuyet,Female,gholahe5@lulu.com
Ky,Ut,Female,goddboye6@ocn.ne.jp
La,Van,Female,lfazane7@deliciousdays.com
Lac,Van,Male,rculmere8@cpanel.net
Lai,Vien,Male,jpostine9@nymag.com
Lam,Viet,Male,biwanickiea@who.int
Lang,Vinh,Male,nmcavineb@businessweek.com
Lavan,Xuan,Female,wshatliffeec@exblog.jp
Le,Xuan,Male,bvasyunkined@xrea.com
Lien,Yen,Female,hgainsboroee@google.fr
Lieu,Ai,Female,fyorstonef@yahoo.com
Lo,Am,Female,rhurcheeg@nymag.com
Loi,An,Female,edivineeh@irs.gov
Luc,An,Male,lfinkerei@craigslist.org
Luong,An Dung,Male,rshackesbyej@g.co
Luu,Anh,Female,rbatchleyek@wikia.com
Ly,Ba,Male,lstollmeyerel@telegraph.co.uk
Mac,Bao,Male,trishworthem@yolasite.com
Mach,Bay,Male,cackerleyen@tmall.com
Mai,Be,Female,dgorglereo@moonfruit.com
Minh,Bian,Female,gbertholinep@issuu.com
Nghiem,Bianh,Male,abangereq@sohu.com
Ngo,Bich,Female,druffer@washington.edu
Ngu,Binh,Male,scrudgees@tiny.cc
Nguy,Buu,Male,rpleasantset@shutterfly.com
Nguyen,C“ng,Male,rbyreseu@nymag.com
Nhan,Ca,Female,rivanyukovev@domainmarket.com
Nzuyen,Ca,Male,aantyshevew@gravatar.com
On,Cadeo,Male,lbrunelleschiex@scientificamerican.com
Ong,Cai,Female,adanterey@usatoday.com
Pham,Cam,Female,tdrageez@nasa.gov
Phan,Chau,Female,srammf0@wikimedia.org
Phang,Chi,Female,bbielbyf1@comcast.net
Pho,Chien,Male,wbeamissf2@kickstarter.com
Phong,Chinh,Male,aellsef3@fc2.com
Phu,Cuc,Female,lgeorghiouf4@hc360.com
Phung,Cuong,Male,dgovernf5@usda.gov
Phuong,Dai,Male,ckienleinf6@forbes.com
Quach,Danh,Male,gbleymanf7@europa.eu
Quang,Dep,Female,jarkleyf8@uiuc.edu
Su,Dinh,Male,hknevetf9@ow.ly
Ta,Dong,Male,bbrudenellfa@miibeian.gov.cn
Tang,Duc,Male,amerringfb@ehow.com
Tat,Dung,Male,ssiddonsfc@theguardian.com
Thach,Duong,Male,mturbittfd@ed.gov
Thai,Duy,Male,wduthiefe@live.com
Nhan,Gia,Male,ljouhandeauff@msn.com
Nzuyen,H•ng,Female,fskehensfg@merriam-webster.com
On,Ha,Female,nhallowayfh@apple.com
Ong,Ha,Male,equartleyfi@liveinternet.ru
Pham,Hai,Female,rcarmofj@timesonline.co.uk
Phan,Hai,Male,jjarretfk@china.com.cn
Phang,Hang,Female,smcdillfl@bloomberg.com
Pho,Hanh,Female,jbortolinifm@shop-pro.jp
Phong,Hao,Female,teleyfn@cnbc.com
Phu,Hao,Male,aoguzfo@last.fm
Phung,Hiˆ£,Male,mmilleyfp@cornell.edu
Phuong,Hien,Female,tbudikfq@jigsy.com
Quach,Hien,Male,jlandsboroughfr@google.de
Quang,Hieu,Male,jmanuelifs@privacy.gov.au
Su,Hoa,Female,jhughlandft@bluehost.com
Ta,Hoang,Male,bgeorgelfu@photobucket.com
Tang,Hoc,Male,afurmstonfv@msn.com
Tat,Hue,Female,gmiguelfw@google.com.au
Thach,Hung,Male,fclabburnfx@sogou.com
Thai,Huong,Female,zsteddallfy@freewebs.com
Tham,Huu,Male,rpoetzfz@tumblr.com
Than,Huy,Male,dcrosdillg0@printfriendly.com
Thang,Huynh,Male,rcouvertg1@icq.com
Thanh,Hwa,Female,mrilingsg2@livejournal.com
Tram,Hy,Male,eelveng3@fda.gov
Tran,Hyunh,Female,aiwanickig4@addthis.com
Trang,Kim,Female,maggiog5@tinypic.com
Tri,Kim,Male,relang6@answers.com
Trieu,Kim Cuc,Female,aristg7@reuters.com
Trinh,Kim-ly,Female,ccheversg8@biblegateway.com
Tron,L…nh,Male,eworrellg9@yellowbook.com
Troung,Lam,Male,jgyorgyga@salon.com
Truong,Lan,Female,bpherpsgb@tinypic.com
Tu,Lang,Female,droomegc@nih.gov
Tuan,Lap,Male,gsinneygd@reddit.com
Ty,Le,Female,jbroadeyge@seattletimes.com
Van,Le,Male,rbythewaygf@goo.gl
Vang,Lien,Female,mleslygg@dyndns.org
Vien,Linh,Female,cgredergh@biglobe.ne.jp
Vinh,Long,Male,siacovielligi@eepurl.com
Vo,Mai,Female,rtriggsgj@sourceforge.net
Truong,Minh,Male,mmaesgk@accuweather.com
Tu,My,Female,xbaileygl@wufoo.com
Tuan,My-Duyen,Female,kfazakerleygm@ameblo.jp
Ty,Mychau,Female,anorthallgn@un.org
Van,Nam,Male,rfildesgo@columbia.edu
Vang,Ngai,Male,gprivostgp@flavors.me
Vien,Nghi,Male,fharbordgq@youtube.com
Vinh,Nghia,Male,vchildesgr@imgur.com
Vo,Ngoc,Female,ogossagegs@wordpress.com
Vong,Ngoc Bich,Female,egremanegt@bravesites.com
Voong,Ngon,Female,hunwingu@storify.com
Vu,Ngu,Male,jwyongv@cafepress.com
Vuong,Nguyen,Female,adyhousegw@google.com
Bui,Nguyen,Male,pjurczykgx@over-blog.com
Cam,Nguyet,Female,emarrisongy@sun.com
Can,Nhan,Male,rbolingbrokegz@plala.or.jp
Cao,Nhu,Female,fimlawh0@ovh.net
Chan,Nhung,Female,kdenneyh1@redcross.org
Thi,Nhung,Male,hsalleirh2@themeforest.net
Thong,Nien,Male,rmeynellh3@amazon.co.uk
Tian,Nu,Female,pmactagueh4@youtu.be
Tien,Phong,Male,ocarswellh5@ucla.edu
Tieu,Phoung,Female,hfourcadeh6@google.nl
To,Phuc,Male,nwolferh7@indiatimes.com
Ton,Phuoc,Male,cedmonsh8@pcworld.com
Trach,Phuok,Male,jdebnamh9@phoca.cz
Au,Phuong,Both,rstopherha@xinhuanet.com
Ba,Phuong,Female,rpenticoothb@macromedia.com
Banh,Pin,Male,bstollmeierhc@theatlantic.com
Bi,Ping,Female,ctaberhd@devhub.com
Bien,Quan,Male,dhaskeyhe@acquirethisname.com
Bo,Quang,Male,gketteringhamhf@nytimes.com
Chau,Quoc,Male,bboxhg@netscape.com
Che,Quy,Female,ngilardengohh@yale.edu
Chiem,Quy,Male,troskelleyhi@psu.edu
Chuong,Ritchell,Male,cabbisonhj@paginegialle.it
Co,Sang,Female,solliverhk@posterous.com
Cong,Sang,Male,dartinhl@archive.org
Dai,Son,Male,steaseyhm@earthlink.net
Dam,T m,Male,gsowrayhn@abc.net.au
Dan,Tai,Female,sgyrgorwicxho@google.es
Dang,Tai,Male,jkofaxhp@independent.co.uk
Danh,Tam,Female,ekitchinghq@scribd.com
Dao,Tam,Male,jviollethr@drupal.org
Dau,Tan,Male,gsoalhs@zimbio.com
Diep,Te•,Male,namblerht@istockphoto.com
Dieu,Teo,Male,fyerbyhu@bandcamp.com
Dinh,Tƒn,Male,kberrhv@yale.edu
Dinn,Th i,Male,csouthernwoodhw@jugem.jp
Do,Thai,Male,khaburnehx@instagram.com
Doan,Thang,Male,bdubbinhy@epa.gov
Don,Thanh,Female,rdmisekhz@nature.com
Dong,Thanh,Male,bclemencei0@nifty.com
Du,Thao,Female,hflintuffi1@timesonline.co.uk
Dung,Thao,Male,bmeekingi2@china.com.cn
Duong,Thi,Female,cstienhami3@japanpost.jp
Giang,Thian,Male,rwyldborei4@noaa.gov
Cong,Thien,Male,cpaveki5@adobe.com
Dai,Thinh,Male,ttwisti6@ed.gov
Dam,Thu,Female,lorchardi7@sfgate.com
Dan,Thu an,Male,rgiovannaccii8@oaic.gov.au
Dang,Thuc,Male,hdacresi9@naver.com
Danh,Thuy,Female,jkohnertia@paypal.com
Dao,Ti,Female,cnesterib@domainmarket.com
Dau,Tien,Female,odurmanic@facebook.com
Diep,Tin,Male,aedmundsonid@ycombinator.com
Dieu,Tinh,Male,kalnerie@springer.com
Dinh,Toan,Male,dbattamsif@ustream.tv
Dinn,Tong,Male,riacoviniig@businessweek.com
Do,Tr£uc,Female,jhutchenceih@people.com.cn
Doan,Tr£uc,Male,sshelperii@example.com
Don,Trai,Male,fhirtzmannij@ucla.edu
Dong,Trang,Female,vavisonik@shareasale.com
Du,Trang,Male,lvelail@dmoz.org
Dung,Trinh,Female,nboarerim@accuweather.com
Duong,Trong,Male,ecasillasin@google.com
Giang,Truc,Female,prowthornio@yellowbook.com
Ha,Trung,Male,cmattusovip@yolasite.com
Hai,Tu,Female,ltrematickiq@geocities.jp
Hang,Tu,Male,cderobertoir@vk.com
Hau,Tu¢ng,Male,gdanskenis@feedburner.com
Ho,Tuan,Male,kmccarverit@mozilla.org
Hoang,Tung,Male,falyukiniu@irs.gov
Hua,Tuyˆn,Female,mantonnikoviv@ted.com
Hue,Tuyen,Female,srobakiw@simplemachines.org
Huynh,Tuyen,Male,askyramix@etsy.com
Hy,Tuyet,Female,ariddeliy@booking.com
Kha,Ut,Female,etrevoriz@omniture.com
Khong,Van,Female,hnorthinj0@feedburner.com
Khuu,Van,Male,nsandercockj1@usda.gov
Kien,Vien,Male,etimlettj2@dedecms.com
Kieu,Viet,Male,nsimnorj3@homestead.com
Ky,Vinh,Male,jowainj4@yahoo.com
La,Xuan,Female,abentjensj5@prnewswire.com
Lac,Xuan,Male,btraslerj6@bloglines.com
Lai,Yen,Female,crootej7@virginia.edu
Lam,Ai,Female,ccalcutj8@rediff.com
Lang,Am,Female,hstormouthj9@huffingtonpost.com
Lavan,An,Female,medmonstoneja@china.com.cn
Le,An,Male,azienkiewiczjb@economist.com
Lien,An Dung,Male,bjannequinjc@netvibes.com
Lieu,Anh,Female,lstovoldjd@nih.gov
Lo,Ba,Male,plenteje@cargocollective.com
Loi,Bao,Male,dtersayjf@sfgate.com
Luc,Bay,Male,tgammidgejg@digg.com
Luong,Be,Female,afroschauerjh@nbcnews.com
Luu,Bian,Female,sgaskenji@bandcamp.com
Ly,Bianh,Male,cadamidesjj@wikia.com
Mac,Bich,Female,sklemzjk@seattletimes.com
Mach,Binh,Male,hgawkrogejl@yolasite.com
Mai,Buu,Male,tkuhneljm@imageshack.us
Minh,C“ng,Male,lfalconerjn@arizona.edu
Kha,Ca,Female,kbilverstonejo@miitbeian.gov.cn
Khong,Ca,Male,trustmanjp@whitehouse.gov
Khuu,Cadeo,Male,jkerblerjq@wiley.com
Kien,Cai,Female,cbrameltjr@forbes.com
Kieu,Cam,Female,rdengejs@phoca.cz
Ky,Chau,Female,hlufkinjt@irs.gov
La,Chi,Female,dcrouchju@fastcompany.com
Lac,Chien,Male,atyronejv@last.fm
Lai,Chinh,Male,gbastenjw@studiopress.com
Lam,Cuc,Female,lalvarezjx@unblog.fr
Lang,Cuong,Male,mhathornjy@spiegel.de
Lavan,Dai,Male,cmabbotjz@moonfruit.com
Le,Danh,Male,ahakenk0@discovery.com
Lien,Dep,Female,sgeddisk1@behance.net
Lieu,Dinh,Male,cmcritchiek2@japanpost.jp
Lo,Dong,Male,robeyk3@surveymonkey.com
Loi,Duc,Male,bgimblettk4@unicef.org
Luc,Dung,Male,aderrk5@google.com
Luong,Duong,Male,dwadhamk6@infoseek.co.jp
Luu,Duy,Male,ahardesk7@hc360.com
Ly,Gia,Male,cgiacobbinijacobk8@goo.ne.jp
Mac,H•ng,Female,iforrestk9@wikispaces.com
Mach,Ha,Female,eeloika@cisco.com
Mai,Ha,Male,mbisattkb@live.com
Minh,Hai,Female,eruppertkc@histats.com
Nghiem,Hai,Male,ctrewekekd@examiner.com
Ngo,Hang,Female,wpaddellke@salon.com
Ngu,Hanh,Female,atabbernorkf@deliciousdays.com
Nguy,Hao,Female,nmalimoekg@sciencedirect.com
Nguyen,Hao,Male,gclunankh@pcworld.com
Nhan,Hiˆ£,Male,sadanezki@eepurl.com
Nzuyen,Hien,Female,rbonsonkj@naver.com
On,Hien,Male,jtaytkk@free.fr
Ong,Hieu,Male,ggummoekl@twitpic.com
Pham,Hoa,Female,wbrechinkm@who.int
Phan,Hoang,Male,jbrewoodkn@prweb.com
Phang,Hoc,Male,fjaquestko@ihg.com
Pho,Hue,Female,dgrimsdikekp@timesonline.co.uk
Phong,Hung,Male,bseifertkq@illinois.edu
Phu,Huong,Female,znerneykr@tumblr.com
Phung,Huu,Male,mwoodfieldks@icio.us
Phuong,Huy,Male,mmechellkt@over-blog.com
Quach,Huynh,Male,sfurnessku@cpanel.net
Quang,Hwa,Female,kfreeburykv@w3.org
Su,Hy,Male,tpesselkw@angelfire.com
Ta,Hyunh,Female,lwillsmorekx@hc360.com
Tang,Kim,Female,mproschekky@pbs.org
Tat,Kim,Male,tjordinkz@oakley.com
Thach,Kim Cuc,Female,ntrenbayl0@amazon.com
Thai,Kim-ly,Female,vgouleyl1@google.cn
Nhan,L…nh,Male,alayhel2@geocities.jp
Nzuyen,Lam,Male,rtatnelll3@technorati.com
On,Lan,Female,mfetteplacel4@webmd.com
Ong,Lang,Female,ppiserl5@amazon.com
Pham,Lap,Male,tbaronl6@ucoz.ru
Phan,Le,Female,eseivertsenl7@theguardian.com
Phang,Le,Male,cyeldonl8@quantcast.com
Pho,Lien,Female,kkarpfenl9@oracle.com
Phong,Linh,Female,kjosskovitzla@t.co
Phu,Long,Male,mextencelb@naver.com
Phung,Mai,Female,sarmsteadlc@flavors.me
Phuong,Minh,Male,mbulleld@businessweek.com
Quach,My,Female,gtwigginsle@wp.com
Quang,My-Duyen,Female,sbiggamlf@latimes.com
Su,Mychau,Female,bmcmychemlg@loc.gov
Ta,Nam,Male,bdanielkiewiczlh@bing.com
Tang,Ngai,Male,adiperausli@1688.com
Tat,Nghi,Male,vheamslj@businessinsider.com
Thach,Nghia,Male,kgagenlk@prnewswire.com
Thai,Ngoc,Female,gwarmanll@cpanel.net
Tham,Ngoc Bich,Female,ndefreynelm@sogou.com
Than,Ngon,Female,mbigleyln@qq.com
Thang,Ngu,Male,enobleslo@noaa.gov
Thanh,Nguyen,Female,edevorilllp@scribd.com
Tram,Nguyen,Male,arickabylq@google.it
Tran,Nguyet,Female,achettlelr@goo.ne.jp
Trang,Nhan,Male,wbemandls@addthis.com
Tri,Nhu,Female,rmcgeaneylt@cisco.com
Trieu,Nhung,Female,dsmootelu@ed.gov
Trinh,Nhung,Male,swardlelv@google.com.au
Tron,Nien,Male,vwytchardlw@globo.com
Troung,Nu,Female,mleftleylx@cam.ac.uk
Truong,Phong,Male,cmccarrollly@cdc.gov
Tu,Phoung,Female,dbowsteadlz@vk.com
Tuan,Phuc,Male,dfluckm0@wufoo.com
Ty,Phuoc,Male,bmacmorlandm1@hud.gov
Van,Phuok,Male,rmalamm2@mozilla.com
Vang,Phuong,Both,bvannuccim3@sfgate.com
Vien,Phuong,Female,mfullwoodm4@netlog.com
Vinh,Pin,Male,mayerm5@histats.com
Vo,Ping,Female,lwaitem6@house.gov
Truong,Quan,Male,aplaistowem7@icq.com
Tu,Quang,Male,dmonardm8@over-blog.com
Tuan,Quoc,Male,disabellm9@typepad.com
Ty,Quy,Female,nhedanma@fc2.com
Van,Quy,Male,ourlichmb@trellian.com
Vang,Ritchell,Male,acyseleymc@cargocollective.com
Vien,Sang,Female,ccolebornmd@behance.net
Vinh,Sang,Male,kappleme@stanford.edu
Vo,Son,Male,lribeiromf@spotify.com
Vong,T m,Male,ccalderonellomg@ca.gov
Voong,Tai,Female,gchesneymh@csmonitor.com
Vu,Tai,Male,cmacadammi@apple.com
Vuong,Tam,Female,djandourekmj@plala.or.jp
Bui,Tam,Male,dperriemk@facebook.com
Cam,Tan,Male,vbeadleml@lulu.com
Can,Te•,Male,rbinningmm@netlog.com
Cao,Teo,Male,mwoodhamsmn@tamu.edu
Chan,Tƒn,Male,groggeronemo@goodreads.com
Thi,Th i,Male,ncowernmp@gov.uk
Thong,Thai,Male,kcatermq@tamu.edu
Tian,Thang,Male,cscammondenmr@nymag.com
Tien,Thanh,Female,bboickms@storify.com
Tieu,Thanh,Male,rsingersmt@nih.gov
To,Thao,Female,ebentemu@goodreads.com
Ton,Thao,Male,mdempstermv@reference.com
Trach,Thi,Female,skinnenmw@tinypic.com
Au,Thian,Male,acarneckmx@blogger.com
Ba,Thien,Male,ngrisardmy@constantcontact.com
Banh,Thinh,Male,mgrocottmz@slashdot.org
Bi,Thu,Female,cjarleyn0@discovery.com
Bien,Thu an,Male,ugulleyn1@nydailynews.com
Bo,Thuc,Male,ppullmann2@princeton.edu
Chau,Thuy,Female,wsallowayen3@t-online.de
Che,Ti,Female,llattyn4@discuz.net
Chiem,Tien,Female,gjacobben5@bbb.org
Chuong,Tin,Male,pbeetlesn6@seesaa.net
Co,Tinh,Male,bchristofidesn7@nps.gov
Cong,Toan,Male,icellonen8@google.com.br
Dai,Tong,Male,nwenmann9@google.pl
Dam,Tr£uc,Female,aitzkovitchna@va.gov
Dan,Tr£uc,Male,bfreddinb@auda.org.au
Dang,Trai,Male,hkeersnc@sphinn.com
Danh,Trang,Female,whuggennd@ibm.com
Dao,Trang,Male,jburrusne@chicagotribune.com
Dau,Trinh,Female,kfidgenf@geocities.com
Diep,Trong,Male,rreadshallng@acquirethisname.com
Dieu,Truc,Female,dmolinesnh@networkadvertising.org
Dinh,Trung,Male,hvyelni@yandex.ru
Dinn,Tu,Female,dcouchnj@japanpost.jp
Do,Tu,Male,gkincaidnk@virginia.edu
Doan,Tu¢ng,Male,dindgsnl@amazon.com
Don,Tuan,Male,rstillnm@google.com
Dong,Tung,Male,bduddingnn@paypal.com
Du,Tuyˆn,Female,mwinbornno@shutterfly.com
Dung,Tuyen,Female,ljelfnp@clickbank.net
Duong,Tuyen,Male,scaffinnq@nytimes.com
Giang,Tuyet,Female,tattacknr@amazon.co.jp
Cong,Ut,Female,cmalhamns@oaic.gov.au
Dai,Van,Female,cdesmondnt@marketwatch.com
Dam,Van,Male,shubbucknu@elegantthemes.com
Dan,Vien,Male,mboutflournv@i2i.jp
Dang,Viet,Male,nsheerinnw@upenn.edu
Danh,Vinh,Male,dcliftonnx@who.int
Dao,Xuan,Female,jmanntschkeny@theguardian.com
Dau,Xuan,Male,cpillingtonnz@cbc.ca
Diep,Yen,Female,rspellwortho0@nydailynews.com
Dieu,Ai,Female,rbullcocko1@buzzfeed.com
Dinh,Am,Female,medmonstono2@amazon.co.uk
Dinn,An,Female,mfawkeo3@icq.com
Do,An,Male,iduchesneo4@seattletimes.com
Doan,An Dung,Male,lcaudreyo5@intel.com
Don,Anh,Female,dtuxwello6@tinyurl.com
Dong,Ba,Male,sbeneditoo7@europa.eu
Du,Bao,Male,mhaydno8@google.ru
Dung,Bay,Male,lbenoyo9@reuters.com
Duong,Be,Female,jkemwalloa@merriam-webster.com
Giang,Bian,Female,ritterob@who.int
Ha,Bianh,Male,msympsonoc@state.gov
Hai,Bich,Female,tfranklenod@arizona.edu
Hang,Binh,Male,bpattleoe@ed.gov
Hau,Buu,Male,hlabbeyof@si.edu
Ho,C“ng,Male,jmicheletog@seesaa.net
Hoang,Ca,Female,theadingoh@nsw.gov.au
Hua,Ca,Male,jcastledineoi@unblog.fr
Hue,Cadeo,Male,dglantzoj@hud.gov
Huynh,Cai,Female,vbedinnok@storify.com
Hy,Cam,Female,tfutterol@smh.com.au
Kha,Chau,Female,dtaschom@altervista.org
Khong,Chi,Female,atomasellion@sourceforge.net
Khuu,Chien,Male,nferandezoo@biblegateway.com
Kien,Chinh,Male,cgarmstonop@stanford.edu
Kieu,Cuc,Female,bcoramoq@dmoz.org
Ky,Cuong,Male,vsteersor@jimdo.com
La,Dai,Male,cdeelyos@samsung.com
Lac,Danh,Male,wliggonsot@mozilla.com
Lai,Dep,Female,lbraunfeldou@phoca.cz
Lam,Dinh,Male,asladerov@washingtonpost.com
Lang,Dong,Male,lgilliatow@narod.ru
Lavan,Duc,Male,bkerseyox@1688.com
Le,Dung,Male,jhowsegooy@state.tx.us
Lien,Duong,Male,cbremneroz@soundcloud.com
Lieu,Duy,Male,mjumpp0@paypal.com
Lo,Gia,Male,lhammelbergp1@washington.edu
Loi,H•ng,Female,mtebbep2@rambler.ru
Luc,Ha,Female,dgustickep3@techcrunch.com
Luong,Ha,Male,abehnkep4@tinypic.com
Luu,Hai,Female,esaffonp5@springer.com
Ly,Hai,Male,tkermanp6@about.me
Mac,Hang,Female,mtorricinap7@tiny.cc
Mach,Hanh,Female,ocopperp8@kickstarter.com
Mai,Hao,Female,csabanp9@privacy.gov.au
Minh,Hao,Male,kscroytonpa@yelp.com
Kha,Hiˆ£,Male,gmorenopb@ed.gov
Khong,Hien,Female,gtappinpc@themeforest.net
Khuu,Hien,Male,hcornfordpd@berkeley.edu
Kien,Hieu,Male,mmcilwreathpe@youku.com
Kieu,Hoa,Female,rdeliapf@nyu.edu
Ky,Hoang,Male,lbellochtpg@facebook.com
La,Hoc,Male,tguinessph@nationalgeographic.com
Lac,Hue,Female,tblasiakpi@shutterfly.com
Lai,Hung,Male,blaynepj@example.com
Lam,Huong,Female,cjelleypk@soup.io
Lang,Huu,Male,vcuradopl@ftc.gov
Lavan,Huy,Male,clamerspm@salon.com
Le,Huynh,Male,ycarnegiepn@harvard.edu
Lien,Hwa,Female,preddishpo@dagondesign.com
Lieu,Hy,Male,cclampettpp@census.gov
Lo,Hyunh,Female,cmcaleesepq@imdb.com
Loi,Kim,Female,scamiliopr@biblegateway.com
Luc,Kim,Male,dolennachainps@census.gov
Luong,Kim Cuc,Female,cattersollpt@unicef.org
Luu,Kim-ly,Female,nvondruskapu@ted.com
Ly,L…nh,Male,hplantepv@google.com
Mac,Lam,Male,mfarrawaypw@com.com
Mach,Lan,Female,tfletcherpx@bloglines.com
Mai,Lang,Female,dcossanspy@storify.com
Minh,Lap,Male,mbengallpz@blogs.com
Nghiem,Le,Female,rvallanceq0@prweb.com
Ngo,Le,Male,cbyfordq1@360.cn
Ngu,Lien,Female,niuorioq2@miibeian.gov.cn
Nguy,Linh,Female,mworsfoldq3@elpais.com
Nguyen,Long,Male,cgarritq4@shareasale.com
Nhan,Mai,Female,ademariaq5@sakura.ne.jp
Nzuyen,Minh,Male,mpostanceq6@so-net.ne.jp
On,My,Female,wwhickmanq7@ezinearticles.com
Ong,My-Duyen,Female,tgealleq8@tinypic.com
Pham,Mychau,Female,csalomonq9@yolasite.com
Phan,Nam,Male,jtrengroveqa@webeden.co.uk
Phang,Ngai,Male,ladamouqb@merriam-webster.com
Pho,Nghi,Male,pchisholmeqc@mac.com
Phong,Nghia,Male,espeedinqd@a8.net
Phu,Ngoc,Female,zcorishqe@wiley.com
Phung,Ngoc Bich,Female,amerrikinqf@cisco.com
Phuong,Ngon,Female,ochimientiqg@stanford.edu
Quach,Ngu,Male,dbraunstonqh@ed.gov
Quang,Nguyen,Female,kvernaqi@independent.co.uk
Su,Nguyen,Male,fnevinsonqj@forbes.com
Ta,Nguyet,Female,alidellqk@omniture.com
Tang,Nhan,Male,qschirakql@e-recht24.de
Tat,Nhu,Female,ttulipqm@rambler.ru
Thach,Nhung,Female,rcoonanqn@mail.ru
Thai,Nhung,Male,awigginqo@google.com.br
Nhan,Nien,Male,jpietersmaqp@baidu.com
Nzuyen,Nu,Female,oleavyqq@deviantart.com
On,Phong,Male,glesarrqr@cmu.edu
Ong,Phoung,Female,egerringqs@pinterest.com
Pham,Phuc,Male,khugginqt@bloglovin.com
Phan,Phuoc,Male,mgraundissonqu@uiuc.edu
Phang,Phuok,Male,ctancockqv@cbsnews.com
Pho,Phuong,Both,rcouchmanqw@time.com
Phong,Phuong,Female,ddearnleyqx@reddit.com
Phu,Pin,Male,twalterqy@fotki.com
Phung,Ping,Female,wlowneqz@drupal.org
Phuong,Quan,Male,tvanrembrandtr0@sphinn.com
Quach,Quang,Male,lbullonr1@senate.gov
Quang,Quoc,Male,apencotr2@spiegel.de
Su,Quy,Female,glindellr3@i2i.jp
Ta,Quy,Male,hpollastror4@sakura.ne.jp
Tang,Ritchell,Male,dcabaner5@ebay.com
Tat,Sang,Female,foliphardr6@google.it
Thach,Sang,Male,cstribblingr7@scientificamerican.com
Thai,Son,Male,ldebernardisr8@printfriendly.com
Tham,T m,Male,smcnerlinr9@google.com.br
Than,Tai,Female,dreidshawra@mashable.com
Thang,Tai,Male,dsentenrb@issuu.com
Thanh,Tam,Female,jfarrancerc@dell.com
Tram,Tam,Male,jmaccreard@sitemeter.com
Tran,Tan,Male,rfronekre@mozilla.com
Trang,Te•,Male,dhousbyrf@zdnet.com
Tri,Teo,Male,svarleyrg@oakley.com
Trieu,Tƒn,Male,crepperrh@prlog.org
Trinh,Th i,Male,mamiableri@xrea.com
Tron,Thai,Male,ameeginrj@wunderground.com
Troung,Thang,Male,mhargraverk@alibaba.com
Truong,Thanh,Female,cbenedyktowiczrl@netlog.com
Tu,Thanh,Male,kmeggisonrm@oaic.gov.au
Tuan,Thao,Female,adayshrn@upenn.edu
Ty,Thao,Male,zgohierro@cargocollective.com
Van,Thi,Female,vbisterrp@guardian.co.uk
Vang,Thian,Male,tdebruijnerq@edublogs.org
Vien,Thien,Male,alundierr@typepad.com
,,,
,,,
,,,
,,,
,,,
,,,
,,,
,,,
,,,
,,,
,,,
,,,
,,,
,,,
,,,
,,,
,,,
,,,
,,,
,,,
,,,
,,,
,,,
,,,
,,,
,,,
,,,
,,,
,,,
,,,
,,,
,,,
,,,
,,,
,,,
,,,
,,,
,,,
